"2f5a0d2","alvinschang","Thu, 5 Feb 2026 11:28:35 -0500","update github pages",	 5 files changed, 281 insertions(+), 257 deletions(-)	
"edac709","alvinschang","Wed, 4 Feb 2026 15:34:02 -0500","update github pages",	 46 files changed, 4444 insertions(+), 5641 deletions(-)	
"76712e8","alvinschang","Fri, 30 Jan 2026 15:16:17 -0500","update github pages",	 538 files changed, 3179 insertions(+), 2728 deletions(-)	
"8b6f808","alvinschang","Fri, 30 Jan 2026 14:58:32 -0500","design cleanup",	 5 files changed, 691 insertions(+), 442 deletions(-)	
"11b1f6d","alvinschang","Wed, 28 Jan 2026 15:38:00 -0500","map fixes",	 9 files changed, 1179 insertions(+), 1253 deletions(-)	
"a82adfc","alvinschang","Tue, 27 Jan 2026 16:29:52 -0500","update github pages",	 37 files changed, 2750 insertions(+), 187 deletions(-)	
"f36f7aa","alvinschang","Tue, 27 Jan 2026 16:28:26 -0500","deckgl",	 10 files changed, 5335 insertions(+), 631 deletions(-)	
"645f2c6","alvinschang","Wed, 14 Jan 2026 12:22:16 -0500","update github pages",	 150 files changed, 834 insertions(+), 672 deletions(-)	
"8cf0cb6","alvinschang","Tue, 13 Jan 2026 16:20:26 -0500","update github pages",	 308 files changed, 238 insertions(+), 190 deletions(-)	
"bba65ef","alvinschang","Tue, 13 Jan 2026 14:12:56 -0500","update github pages",	 188 files changed, 526 insertions(+), 292 deletions(-)	
"95f43e0","alvinschang","Tue, 13 Jan 2026 14:12:34 -0500","icons added",	 152 files changed, 433 insertions(+), 103 deletions(-)	
"898dfc6","alvinschang","Mon, 12 Jan 2026 17:20:48 -0500","label placements",	 2 files changed, 334 insertions(+), 279 deletions(-)	
"287b669","alvinschang","Mon, 12 Jan 2026 14:14:50 -0500","label debug added",	 2 files changed, 423 insertions(+), 124 deletions(-)	
"b86217e","alvinschang","Mon, 12 Jan 2026 13:46:32 -0500","update github pages",	 17 files changed, 50 insertions(+), 50 deletions(-)	
"bd67abd","alvinschang","Mon, 12 Jan 2026 12:31:19 -0500","update github pages",	 25 files changed, 316 insertions(+), 341 deletions(-)	
"1e4761d","alvinschang","Fri, 9 Jan 2026 13:36:25 -0500","update github pages",	 24 files changed, 5666 insertions(+), 434 deletions(-)	
"0f4353c","alvinschang","Fri, 9 Jan 2026 11:50:43 -0500","update github pages",	 18 files changed, 53 insertions(+), 53 deletions(-)	
"d1158cc","alvinschang","Fri, 9 Jan 2026 11:36:20 -0500","update github pages",	 18 files changed, 52 insertions(+), 52 deletions(-)	
"e777073","alvinschang","Fri, 9 Jan 2026 08:26:36 -0500","update github pages",	 6040 files changed, 937 insertions(+), 297 deletions(-)	
"741d82f","alvinschang","Fri, 21 Nov 2025 08:56:09 -0500","first",	 1 file changed, 26 insertions(+), 103 deletions(-)	
"789318f","Russell Samora","Wed, 22 Oct 2025 12:38:27 -0400","cloudflare",	 3 files changed, 7353 insertions(+), 4741 deletions(-)	
"6c4bb0c","Russell Samora","Wed, 24 Sep 2025 11:32:45 -0400","v",	 1 file changed, 1 insertion(+), 1 deletion(-)	
"4b27bf6","Russell Samora","Wed, 24 Sep 2025 11:32:30 -0400","update modules",	 3 files changed, 1032 insertions(+), 752 deletions(-)	
"b154cb4","Matt Daniels","Mon, 18 Aug 2025 18:35:47 -0400","add bluesky link to footer, remove tiktok",	 1 file changed, 4 insertions(+), 2 deletions(-)	
"ff1d2fa","Russell Samora","Wed, 16 Jul 2025 17:03:15 -0400","v",	 1 file changed, 1 insertion(+), 1 deletion(-)	
"b49d874","Russell Samora","Wed, 16 Jul 2025 17:03:08 -0400","fix href",	 1 file changed, 2 insertions(+), 2 deletions(-)	
"af709d4","Russell Samora","Tue, 8 Jul 2025 10:45:56 -0400","update readme",	 2 files changed, 11 insertions(+), 9 deletions(-)	
"e32ca92","Russell Samora","Tue, 8 Jul 2025 10:43:25 -0400","update github pages",	 65 files changed, 230 insertions(+), 205 deletions(-)	
"6f6abf6","Russell Samora","Tue, 8 Jul 2025 10:03:17 -0400","fix footer",	 1 file changed, 293 insertions(+), 293 deletions(-)	
"373697c","Russell Samora","Mon, 7 Jul 2025 15:54:46 -0400","update modules",	 3 files changed, 657 insertions(+), 661 deletions(-)	
"1d2f21d","Russell Samora","Thu, 29 May 2025 09:05:32 -0400","update modules",	 5 files changed, 642 insertions(+), 651 deletions(-)	
"581c0e7","Russell Samora","Tue, 13 May 2025 14:42:35 -0400","update baloo font",	 1 file changed, 10 insertions(+), 1 deletion(-)	
"5818131","Russell Samora","Thu, 24 Apr 2025 10:23:25 -0400","update modules",	 3 files changed, 517 insertions(+), 460 deletions(-)	
"2b1950d","Russell Samora","Fri, 11 Apr 2025 10:44:06 -0400","update readme",	 1 file changed, 7 insertions(+), 5 deletions(-)	
"6e1b580","Russell Samora","Fri, 11 Apr 2025 10:43:11 -0400","hotfix",	 1 file changed, 1 insertion(+), 1 deletion(-)	
"5aad418","Russell Samora","Fri, 11 Apr 2025 10:43:04 -0400","update protect",	 2 files changed, 3 insertions(+), 9 deletions(-)	
"2502cd9","Russell Samora","Tue, 8 Apr 2025 17:41:10 -0400","feat",	 5 files changed, 485 insertions(+), 484 deletions(-)	
"9e25421","Matt Daniels","Tue, 1 Apr 2025 21:38:18 -0400","fix footer links",	 2 files changed, 2 insertions(+), 2 deletions(-)	
"b365962","Russell Samora","Thu, 27 Mar 2025 15:07:31 -0400","password protected github pages",	 2 files changed, 17 insertions(+), 1 deletion(-)	
"e6c3cbb","Russell Samora","Wed, 26 Mar 2025 11:00:16 -0400","fix underline in safari",	 2 files changed, 5 insertions(+), 2 deletions(-)	
"c15063f","Russell Samora","Tue, 25 Mar 2025 12:41:32 -0400","update modules",	 1 file changed, 1 insertion(+), 1 deletion(-)	
"9f29b21","Russell Samora","Tue, 25 Mar 2025 12:41:20 -0400","update modules",	 3 files changed, 616 insertions(+), 538 deletions(-)	
"1ab1722","Russell Samora","Wed, 26 Feb 2025 13:07:03 -0500","dont show footer by default",	 1 file changed, 1 insertion(+), 1 deletion(-)	
"f0f245d","Russell Samora","Wed, 26 Feb 2025 11:53:29 -0500","module updates",	 3 files changed, 537 insertions(+), 524 deletions(-)	
"ec44d9a","Russell Samora","Wed, 5 Feb 2025 14:47:07 -0500","updates",	 10 files changed, 292 insertions(+), 958 deletions(-)	
"7092293","Matt Daniels","Tue, 4 Feb 2025 16:23:44 -0500","fix footer logo",	 2 files changed, 4 insertions(+), 4 deletions(-)	
"ec573f0","Matt Daniels","Wed, 29 Jan 2025 20:09:56 -0500","fix tiempos text in app.css",	 1 file changed, 1 insertion(+), 1 deletion(-)	
"c3e084e","Russell Samora","Fri, 24 Jan 2025 15:22:23 -0500","update runes",	 3 files changed, 61 insertions(+), 52 deletions(-)	
"9a1a167","Russell Samora","Fri, 24 Jan 2025 11:39:34 -0500","bring back lucid",	 3 files changed, 229 insertions(+), 206 deletions(-)	
"14a3505","Russell Samora","Fri, 24 Jan 2025 11:18:35 -0500","more runes",	 9 files changed, 205 insertions(+), 3 deletions(-)	
"2ecf3d3","Russell Samora","Tue, 21 Jan 2025 09:55:55 -0500","update modules",	 3 files changed, 505 insertions(+), 435 deletions(-)	
"31c9b5b","Russell Samora","Fri, 3 Jan 2025 10:34:56 -0500","uncomment",	 2 files changed, 2 insertions(+), 2 deletions(-)	
"a9dfac3","Russell Samora","Fri, 3 Jan 2025 10:34:34 -0500","footer error boundary",	 2 files changed, 3 insertions(+), 1 deletion(-)	
"f023b87","Russell Samora","Thu, 2 Jan 2025 12:29:47 -0500","update modules",	 3 files changed, 918 insertions(+), 667 deletions(-)	
"37f5308","Russell Samora","Thu, 5 Dec 2024 11:06:13 -0500","svg",	 1 file changed, 3 insertions(+)	
"195c1a5","Russell Samora","Wed, 4 Dec 2024 09:55:35 -0500","footer",	 8 files changed, 669 insertions(+), 142 deletions(-)	
"26f62bd","Russell Samora","Wed, 4 Dec 2024 09:43:46 -0500","package updates",	 9 files changed, 854 insertions(+), 787 deletions(-)	
"242e26e","Russell Samora","Sun, 10 Nov 2024 16:46:53 -0500","runes",	 3 files changed, 3 insertions(+), 3 deletions(-)	
"44e8a49","Russell Samora","Fri, 8 Nov 2024 09:08:26 -0500","update modules",	 3 files changed, 283 insertions(+), 260 deletions(-)	
"c347b27","David Mora","Mon, 4 Nov 2024 19:46:35 -0800","aria-hide the Chevron icons",	 1 file changed, 2 insertions(+), 2 deletions(-)	
"1468bbd","David Mora","Mon, 4 Nov 2024 19:38:45 -0800","Update csvDownload.js to include import of csvFormat from d3",	 1 file changed, 3 insertions(+), 1 deletion(-)	
"8c3e199","Russell Samora","Mon, 4 Nov 2024 14:18:08 -0500","fix dupe wordmark",	 3 files changed, 6 insertions(+), 20 deletions(-)	
"7ebd595","Russell Samora","Sun, 27 Oct 2024 16:57:10 -0400","remove test",	 1 file changed, 1 deletion(-)	
"2ac422a","Russell Samora","Sun, 27 Oct 2024 16:57:02 -0400","fix slot",	 3 files changed, 5 insertions(+), 2 deletions(-)	
"490b014","Russell Samora","Sun, 27 Oct 2024 08:24:19 -0400","update modules",	 3 files changed, 277 insertions(+), 234 deletions(-)	
"7499bb8","Russell Samora","Tue, 22 Oct 2024 10:35:11 -0400","fix commas",	 1 file changed, 2 insertions(+), 3 deletions(-)	
"6f019b9","Russell Samora","Tue, 22 Oct 2024 09:42:03 -0400","upate readme",	 1 file changed, 13 insertions(+), 11 deletions(-)	
"12aa917","Russell Samora","Tue, 22 Oct 2024 09:39:03 -0400","update github pages",	 66 files changed, 336 insertions(+), 171 deletions(-)	
"d5c1154","Russell Samora","Tue, 22 Oct 2024 09:38:58 -0400","update version",	 1 file changed, 1 insertion(+), 1 deletion(-)	
"4a684de","Russell Samora","Tue, 22 Oct 2024 09:38:44 -0400","cleanup",	 70 files changed, 99 insertions(+), 76 deletions(-)	
"61cfae6","Russell Samora","Tue, 22 Oct 2024 09:30:44 -0400","rune updates",	 7 files changed, 14 insertions(+), 94 deletions(-)	
"52ba087","Russell Samora","Tue, 22 Oct 2024 09:09:36 -0400","more footer updates",	 2 files changed, 44 insertions(+), 44 deletions(-)	
"2b923ab","Russell Samora","Mon, 21 Oct 2024 12:53:58 -0400","remove stores",	 7 files changed, 175 deletions(-)	
"98f9e3e","Russell Samora","Mon, 21 Oct 2024 12:52:53 -0400","footer cleanup",	 8 files changed, 574 insertions(+), 422 deletions(-)	
"7158b4f","Matt Daniels","Mon, 21 Oct 2024 12:31:46 -0400","update package version",	 1 file changed, 1 insertion(+), 1 deletion(-)	
"ffd4f6c","Matt Daniels","Mon, 21 Oct 2024 11:43:07 -0400","new footer",	 8 files changed, 552 insertions(+), 2 deletions(-)	
"487f33a","Russell Samora","Sun, 20 Oct 2024 17:14:07 -0400","update packages",	 4 files changed, 76 insertions(+), 74 deletions(-)	
"1e0ace3","Russell Samora","Fri, 18 Oct 2024 14:39:49 -0400","viewport",	 1 file changed, 21 insertions(+), 6 deletions(-)	
"391f551","Russell Samora","Fri, 18 Oct 2024 14:06:55 -0400","remove test",	 1 file changed, 2 deletions(-)	
"d0f1618","Russell Samora","Fri, 18 Oct 2024 12:00:55 -0400","fix",	 1 file changed, 14 insertions(+), 10 deletions(-)	
"109c0d7","Russell Samora","Thu, 17 Oct 2024 10:25:26 -0400","svelte5 stuff",	 3 files changed, 96 insertions(+), 2 deletions(-)	
"2176604","Russell Samora","Wed, 16 Oct 2024 13:56:08 -0400","demo links relative",	 1 file changed, 2 insertions(+), 2 deletions(-)	
"4e24bdc","Russell Samora","Wed, 16 Oct 2024 13:38:05 -0400","working in demo stuff",	 22 files changed, 2332 insertions(+), 1003 deletions(-)	
"2a9c56e","Russell Samora","Wed, 4 Sep 2024 10:17:04 -0400","playing around",	 8 files changed, 809 insertions(+), 307 deletions(-)	
"9bdb0b2","Matthew Daniels","Wed, 21 Aug 2024 08:31:09 -0400","remove substack",	 1 file changed, 1 insertion(+), 1 deletion(-)	
"ae90f7f","Russell Samora","Tue, 20 Aug 2024 15:06:51 -0400","move cms",	 1 file changed, 0 insertions(+), 0 deletions(-)	
"63d7069","Russell Samora","Tue, 20 Aug 2024 15:06:22 -0400","fix cms",	 1 file changed, 7 insertions(+), 2 deletions(-)	
"2c65d93","Russell Samora","Tue, 20 Aug 2024 14:50:16 -0400","cms",	 1 file changed, 28 insertions(+)	
"e8bd075","Russell Samora","Tue, 30 Jul 2024 10:36:54 -0400","fix",	 7 files changed, 9 insertions(+), 8 deletions(-)	
"c537489","Russell Samora","Tue, 30 Jul 2024 07:14:06 -0400","fix fb",	 1 file changed, 1 insertion(+), 1 deletion(-)	
"ed54101","Russell Samora","Mon, 22 Jul 2024 07:31:33 -0400","fix footer",	 1 file changed, 1 insertion(+), 1 deletion(-)	
"6202784","Russell Samora","Thu, 18 Jul 2024 20:53:39 -0400","update github pages",	 32 files changed, 191 insertions(+), 84 deletions(-)	
"7d8b411","Russell Samora","Thu, 18 Jul 2024 20:53:25 -0400","update modules",	 7 files changed, 353 insertions(+), 422 deletions(-)	
"60757aa","Russell Samora","Thu, 27 Jun 2024 10:23:01 -0400","new wordmarks and logso",	 8 files changed, 45 insertions(+), 7 deletions(-)	
"9410002","Russell Samora","Wed, 26 Jun 2024 12:41:50 -0400","update modules",	 3 files changed, 582 insertions(+), 813 deletions(-)	
"8edb630","Matthew Daniels","Mon, 10 Jun 2024 10:09:27 -0400","update with atlas typewriter and new sticker",	 2 files changed, 8 insertions(+)	
"b348977","Russell Samora","Fri, 7 Jun 2024 06:05:08 -0400","fixes #47",	 2 files changed, 4 insertions(+), 4 deletions(-)	
"3971438","Russell Samora","Tue, 28 May 2024 08:45:58 -0400","update github pages",	 15 files changed, 40 insertions(+), 40 deletions(-)	
"19eced9","Russell Samora","Tue, 28 May 2024 08:44:41 -0400","update readme",	 1 file changed, 16 insertions(+)	
"2b6d725","Russell Samora","Tue, 28 May 2024 08:40:46 -0400","fallback",	 1 file changed, 4 deletions(-)	
"a6d6e3a","Russell Samora","Tue, 28 May 2024 08:35:45 -0400","update github pages",	 16 files changed, 44 insertions(+), 40 deletions(-)	
"a9fb74c","Russell Samora","Mon, 27 May 2024 16:08:39 -0400","update github pages",	 17 files changed, 49 insertions(+), 49 deletions(-)	
"3c2db5f","Russell Samora","Mon, 20 May 2024 13:41:01 -0400","fix inview",	 2 files changed, 6 insertions(+), 6 deletions(-)	
"238eaa0","Russell Samora","Tue, 14 May 2024 13:36:24 -0400","fix font",	 2 files changed, 2 insertions(+), 2 deletions(-)	
"ec2c8e4","Russell Samora","Sun, 12 May 2024 10:49:18 -0400","update github pages",	 51 files changed, 94 insertions(+), 164 deletions(-)	
"66d8c56","Russell Samora","Sun, 12 May 2024 10:49:11 -0400","update modules",	 8 files changed, 654 insertions(+), 639 deletions(-)	
"a1a7af8","Russell Samora","Wed, 1 May 2024 09:48:18 -0400","link fix",	 2 files changed, 2 insertions(+), 3 deletions(-)	
"a073855","Russell Samora","Sun, 28 Apr 2024 13:40:44 -0400","inconsolata",	 2 files changed, 155 insertions(+), 87 deletions(-)	
"b7235b4","Russell Samora","Mon, 18 Mar 2024 13:23:54 -0400","packag",	 1 file changed, 1 insertion(+), 1 deletion(-)	
"dbc8a54","Russell Samora","Mon, 18 Mar 2024 13:23:41 -0400","bits ui",	 3 files changed, 220 insertions(+), 38 deletions(-)	
"1f2ed88","Russell Samora","Mon, 18 Mar 2024 13:19:43 -0400","update toggle",	 1 file changed, 5 insertions(+), 5 deletions(-)	
"4de9abc","Russell Samora","Mon, 18 Mar 2024 13:18:16 -0400","dark mode toggle",	 2 files changed, 97 insertions(+)	
"40246a8","Russell Samora","Mon, 18 Mar 2024 13:12:45 -0400","add mq",	 1 file changed, 3 insertions(+), 2 deletions(-)	
"ad58845","Russell Samora","Mon, 18 Mar 2024 13:11:33 -0400","minor additions",	 4 files changed, 35 insertions(+), 2 deletions(-)	
"25d9bf0","Russell Samora","Sat, 16 Mar 2024 13:16:40 -0400","update version",	 3 files changed, 536 insertions(+), 536 deletions(-)	
"93299d0","Russell Samora","Wed, 7 Feb 2024 08:58:34 -0500","viewport store update",	 2 files changed, 19 insertions(+), 2 deletions(-)	
"0642ffc","russellsamora","Thu, 18 Jan 2024 10:05:51 -0500","update github pages",	 17 files changed, 54 insertions(+), 56 deletions(-)	
"f515b7a","russellsamora","Thu, 18 Jan 2024 09:46:38 -0500","update version",	 1 file changed, 1 insertion(+), 1 deletion(-)	
"1cfad68","russellsamora","Thu, 18 Jan 2024 09:39:02 -0500","update github pages",	 52 files changed, 107 insertions(+), 99 deletions(-)	
"ca42541","russellsamora","Thu, 18 Jan 2024 09:38:57 -0500","update modules",	 5 files changed, 1268 insertions(+), 650 deletions(-)	
"9e07b8d","russellsamora","Tue, 28 Nov 2023 15:18:24 -0500","update modules",	 6 files changed, 567 insertions(+), 2021 deletions(-)	
"50470e7","Michelle McGhee","Wed, 15 Nov 2023 18:17:18 -0800","update github pages",	 32 files changed, 121 insertions(+), 57 deletions(-)	
"c910ab8","Michelle McGhee","Wed, 15 Nov 2023 18:16:16 -0800","adding ig story demo",	 6 files changed, 270 insertions(+), 1 deletion(-)	
"fa7c985","Jan Diehm","Tue, 24 Oct 2023 12:19:12 -0500","adds util to chedk scroll direction",	 3 files changed, 27 insertions(+), 2 deletions(-)	
"e7c6362","russellsamora","Sun, 1 Oct 2023 13:58:38 -0400","modules",	 4 files changed, 775 insertions(+), 759 deletions(-)	
"b36e522","russellsamora","Thu, 3 Aug 2023 06:19:12 -0400","update github pages",	 15 files changed, 35 insertions(+), 35 deletions(-)	
"4a64c2a","russellsamora","Thu, 3 Aug 2023 06:19:07 -0400","up",	 3 files changed, 478 insertions(+), 478 deletions(-)	
"eff26fd","russellsamora","Mon, 24 Jul 2023 14:32:15 -0400","rollback kit version",	 2 files changed, 4298 insertions(+), 1 deletion(-)	
"848f5cf","russellsamora","Mon, 24 Jul 2023 14:29:28 -0400","update github pages",	 20 files changed, 126 insertions(+), 4423 deletions(-)	
"d483369","russellsamora","Mon, 24 Jul 2023 14:25:44 -0400","update github pages",	 32 files changed, 118 insertions(+), 561 deletions(-)	
"4d86883","russellsamora","Fri, 7 Jul 2023 09:47:02 -0400","update modules",	 3 files changed, 446 insertions(+), 432 deletions(-)	
"2d37140","russellsamora","Thu, 29 Jun 2023 18:30:08 -0400","update modules",	 3 files changed, 703 insertions(+), 256 deletions(-)	
"421c3d5","russellsamora","Wed, 21 Jun 2023 11:19:04 -0400","update github pages",	 18 files changed, 54 insertions(+), 54 deletions(-)	
"2c94cf0","russellsamora","Wed, 21 Jun 2023 11:16:00 -0400","update github pages",	 17 files changed, 55 insertions(+), 52 deletions(-)	
"458b21e","russellsamora","Wed, 21 Jun 2023 11:15:55 -0400","test img",	 1 file changed, 12 insertions(+), 1 deletion(-)	
"52db375","russellsamora","Thu, 8 Jun 2023 14:15:13 -0400","update github pages",	 12 files changed, 46 insertions(+), 46 deletions(-)	
"ea747fd","russellsamora","Thu, 8 Jun 2023 14:14:23 -0400","remove subdir",	 3 files changed, 3 insertions(+), 27 deletions(-)	
"4179eae","russellsamora","Thu, 8 Jun 2023 14:02:44 -0400","update github pages",	 37 files changed, 105 insertions(+), 969 deletions(-)	
"fb6d30a","russellsamora","Thu, 8 Jun 2023 14:02:33 -0400","test no subdir",	 1 file changed, 1 insertion(+), 1 deletion(-)	
"3d923ad","russellsamora","Thu, 8 Jun 2023 08:37:18 -0400","footer fix",	 2 files changed, 2 insertions(+), 7 deletions(-)	
"642ffb5","russellsamora","Tue, 6 Jun 2023 14:47:48 -0400","update modules and relative font readme",	 4 files changed, 574 insertions(+), 521 deletions(-)	
"dbcee15","russellsamora","Tue, 30 May 2023 06:32:36 -0400","footer links",	 2 files changed, 3 insertions(+), 3 deletions(-)	
"a6f9f60","russellsamora","Fri, 26 May 2023 06:20:08 -0400","fix header",	 2 files changed, 4 insertions(+), 2 deletions(-)	
"c7bb1cb","russellsamora","Tue, 9 May 2023 10:18:43 -0400","remove netlify",	 1 file changed, 1 insertion(+), 1 deletion(-)	
"5bbb951","russellsamora","Tue, 9 May 2023 09:31:36 -0400","update modules",	 3 files changed, 633 insertions(+), 757 deletions(-)	
"ed05cd0","russellsamora","Tue, 25 Apr 2023 08:22:47 -0400","update readme",	 2 files changed, 2 insertions(+), 1 deletion(-)	
"5ce31e0","russellsamora","Tue, 25 Apr 2023 08:22:10 -0400","generateid",	 2 files changed, 10 insertions(+), 1 deletion(-)	
"d1a66a0","russellsamora","Wed, 19 Apr 2023 20:45:19 -0400","update modules",	 3 files changed, 577 insertions(+), 589 deletions(-)	
"7402b7c","russellsamora","Thu, 23 Mar 2023 16:55:35 -0400","version",	 1 file changed, 1 insertion(+), 1 deletion(-)	
"3004542","russellsamora","Thu, 23 Mar 2023 16:55:27 -0400","more figure docs and example",	 4 files changed, 25 insertions(+), 3 deletions(-)	
"48afcd8","russellsamora","Wed, 22 Mar 2023 09:58:55 -0400","update github pages",	 48 files changed, 1039 insertions(+), 292 deletions(-)	
"a8dcca5","russellsamora","Wed, 22 Mar 2023 09:58:18 -0400","update modules",	 3 files changed, 506 insertions(+), 517 deletions(-)	
"22d05886","russellsamora","Wed, 22 Mar 2023 09:56:10 -0400","footer and icon",	 10 files changed, 48 insertions(+), 75 deletions(-)	
"2d4656b","russellsamora","Tue, 21 Mar 2023 15:53:03 -0400","figure components",	 9 files changed, 243 insertions(+), 69 deletions(-)	
"24015ce","russellsamora","Tue, 21 Mar 2023 15:47:39 -0400","check overlap update",	 2 files changed, 3 insertions(+), 3 deletions(-)	
"173fe75","russellsamora","Tue, 21 Mar 2023 15:16:44 -0400","sorttable updates",	 2 files changed, 145 insertions(+), 27 deletions(-)	
"fd4699e","russellsamora","Mon, 6 Mar 2023 13:22:35 -0500","default padding",	 1 file changed, 1 insertion(+)	
"d586cdc","russellsamora","Mon, 6 Mar 2023 13:18:19 -0500","add sort function to table",	 2 files changed, 5 insertions(+), 4 deletions(-)	
"a53027e","russellsamora","Wed, 1 Mar 2023 11:33:04 -0500","update modules",	 3 files changed, 192 insertions(+), 132 deletions(-)	
"d541483","russellsamora","Wed, 1 Mar 2023 11:23:39 -0500","update readme",	 1 file changed, 1 insertion(+)	
"f89c9b4","russellsamora","Wed, 1 Mar 2023 11:23:08 -0500","tip component",	 1 file changed, 45 insertions(+)	
"cc13e19","russellsamora","Thu, 23 Feb 2023 11:38:29 -0500","update check overlap action",	 4 files changed, 51 insertions(+), 25 deletions(-)	
"21c66c0","russellsamora","Thu, 16 Feb 2023 14:18:51 -0500","remove caption prop",	 1 file changed, 1 deletion(-)	
"043f829","russellsamora","Thu, 16 Feb 2023 14:14:10 -0500","figcaption slot",	 1 file changed, 1 insertion(+), 1 deletion(-)	
"bdc9fd2","russellsamora","Thu, 16 Feb 2023 14:09:33 -0500","add caption",	 1 file changed, 17 insertions(+), 10 deletions(-)	
"99fea15","russellsamora","Thu, 16 Feb 2023 13:24:25 -0500","figure component",	 36 files changed, 255 insertions(+), 12 deletions(-)	
"b50cffc","russellsamora","Wed, 15 Feb 2023 19:47:43 -0500","resize action",	 3 files changed, 61 insertions(+), 2 deletions(-)	
"134da72","russellsamora","Mon, 13 Feb 2023 08:48:12 -0500","update modules",	 3 files changed, 122 insertions(+), 122 deletions(-)	
"25fa4f6","russellsamora","Wed, 8 Feb 2023 18:03:08 -0500","update version",	 1 file changed, 1 insertion(+), 1 deletion(-)	
"385d21e","russellsamora","Wed, 8 Feb 2023 18:02:55 -0500","disable dark theme by default",	 1 file changed, 4 insertions(+), 2 deletions(-)	
"8d25754","russellsamora","Mon, 6 Feb 2023 16:06:07 -0500","version",	 1 file changed, 1 insertion(+), 1 deletion(-)	
"d343739","russellsamora","Mon, 6 Feb 2023 16:06:00 -0500","update modules",	 4 files changed, 187 insertions(+), 368 deletions(-)	
"b15cf80","russellsamora","Sun, 29 Jan 2023 08:49:30 -0500","update version",	 1 file changed, 1 insertion(+), 1 deletion(-)	
"8709793","russellsamora","Sun, 29 Jan 2023 08:49:21 -0500","update mode",	 3 files changed, 100 insertions(+), 100 deletions(-)	
"28eadb0","russellsamora","Fri, 20 Jan 2023 06:44:40 -0500","update Makefile",	 3 files changed, 118 insertions(+), 136 deletions(-)	
"c9ae35c","russellsamora","Sat, 14 Jan 2023 08:22:42 -0500","update modules",	 3 files changed, 43 insertions(+), 43 deletions(-)	
"ebc8bca","russellsamora","Fri, 13 Jan 2023 08:13:28 -0500","update modules",	 3 files changed, 48 insertions(+), 48 deletions(-)	
"830e945","russellsamora","Thu, 12 Jan 2023 14:13:20 -0500","update github pages",	 26 files changed, 136 insertions(+), 136 deletions(-)	
"834d301","russellsamora","Thu, 12 Jan 2023 14:12:05 -0500","upd",	 3 files changed, 342 insertions(+), 342 deletions(-)	
"8c048dd","russellsamora","Tue, 10 Jan 2023 11:15:16 -0500","update modules",	 3 files changed, 18 insertions(+), 18 deletions(-)	
"7294af5","russellsamora","Mon, 9 Jan 2023 06:34:25 -0500","update modules",	 3 files changed, 344 insertions(+), 344 deletions(-)	
"d4f2b1e","russellsamora","Fri, 6 Jan 2023 15:14:28 -0500","prettify js utils",	 11 files changed, 47 insertions(+), 36 deletions(-)	
"e763379","russellsamora","Tue, 3 Jan 2023 09:19:47 -0500","update modules",	 3 files changed, 435 insertions(+), 432 deletions(-)	
"0d490d1","russellsamora","Wed, 14 Dec 2022 12:53:48 -0500","no border",	 1 file changed, 1 insertion(+)	
"467c0e9","russellsamora","Wed, 14 Dec 2022 12:50:50 -0500","update github pages",	 40 files changed, 273 insertions(+), 264 deletions(-)	
"572b6ab","russellsamora","Wed, 14 Dec 2022 12:43:28 -0500","kit 1.0",	 4 files changed, 1109 insertions(+), 1204 deletions(-)	
"7f08dd6","russellsamora","Tue, 13 Dec 2022 13:22:59 -0500","rename index",	 3 files changed, 2 insertions(+), 2 deletions(-)	
"b400a75","russellsamora","Tue, 29 Nov 2022 10:30:55 -0500","update version",	 1 file changed, 1 insertion(+), 1 deletion(-)	
"2e33a37","russellsamora","Tue, 29 Nov 2022 10:30:44 -0500","upgrade modules",	 6 files changed, 562 insertions(+), 513 deletions(-)	
"5766a21","russellsamora","Tue, 8 Nov 2022 15:42:41 -0500","update scrolly selection",	 2 files changed, 2 insertions(+), 2 deletions(-)	
"cb952cd","russellsamora","Tue, 25 Oct 2022 15:49:40 -0400","version",	 1 file changed, 1 insertion(+), 1 deletion(-)	
"31781e5","russellsamora","Tue, 25 Oct 2022 15:49:30 -0400","update modules",	 3 files changed, 466 insertions(+), 433 deletions(-)	
"2042a02","russellsamora","Mon, 17 Oct 2022 10:43:50 -0400","lucide icons",	 5 files changed, 396 insertions(+), 382 deletions(-)	
"071288c","russellgoldenberg","Tue, 27 Sep 2022 11:05:00 -0400","update readme",	 1 file changed, 2 insertions(+)	
"f6d17b0","russellgoldenberg","Tue, 27 Sep 2022 11:04:23 -0400","fix local storage",	 2 files changed, 3 insertions(+), 1 deletion(-)	
"b709c41","russellgoldenberg","Tue, 27 Sep 2022 11:03:56 -0400","load file utils",	 3 files changed, 14 insertions(+), 1 deletion(-)	
"2deb7d9","russellgoldenberg","Mon, 26 Sep 2022 11:29:03 -0400","inspector",	 2 files changed, 7 insertions(+), 2 deletions(-)	
"3626abd","russellgoldenberg","Mon, 26 Sep 2022 11:01:40 -0400","big kit version bump",	 12 files changed, 547 insertions(+), 864 deletions(-)	
"c31791c","russellgoldenberg","Thu, 22 Sep 2022 20:36:27 -0400","update local storage",	 1 file changed, 1 insertion(+)	
"60914d6","russellgoldenberg","Thu, 22 Sep 2022 20:33:55 -0400","update local stroage",	 2 files changed, 16 insertions(+), 4 deletions(-)	
"149a1a6","russellgoldenberg","Tue, 13 Sep 2022 12:49:32 -0400","double quotes",	 5 files changed, 9 insertions(+), 9 deletions(-)	
"65e59f4","russellgoldenberg","Mon, 12 Sep 2022 08:40:54 -0400","desktop mq",	 2 files changed, 3 insertions(+), 2 deletions(-)	
"d0ccfcc","russellgoldenberg","Wed, 17 Aug 2022 11:30:20 -0400","improve sorttable",	 2 files changed, 31 insertions(+), 11 deletions(-)	
"eb0e211","russellgoldenberg","Wed, 17 Aug 2022 09:58:22 -0400","update package lock",	 1 file changed, 4389 insertions(+)	
"c4af8a1","russellgoldenberg","Wed, 17 Aug 2022 09:57:23 -0400","update github pages",	 30 files changed, 232 insertions(+), 174 deletions(-)	
"50c931a","russellgoldenberg","Wed, 17 Aug 2022 08:13:57 -0400","update kit version",	 2 files changed, 15 insertions(+), 15 deletions(-)	
"9e8c882","russellgoldenberg","Wed, 17 Aug 2022 08:12:52 -0400","fix server load",	 4 files changed, 4 insertions(+), 11 deletions(-)	
"e8764cb","russellgoldenberg","Tue, 16 Aug 2022 16:23:52 -0400","route changes",	 16 files changed, 277 insertions(+), 4364 deletions(-)	
"73e4f88","russellgoldenberg","Tue, 16 Aug 2022 08:51:23 -0400","version",	 1 file changed, 1 insertion(+), 1 deletion(-)	
"46ffb1c","russellgoldenberg","Tue, 16 Aug 2022 08:51:16 -0400","update newsletter url",	 1 file changed, 1 insertion(+), 1 deletion(-)	
"9cbe7dc","russellgoldenberg","Thu, 28 Jul 2022 13:50:02 -0400","countdown",	 3 files changed, 20 insertions(+), 1 deletion(-)	
"9f64734","russellgoldenberg","Tue, 26 Jul 2022 15:42:21 -0400","class",	 1 file changed, 4 insertions(+), 1 deletion(-)	
"9cfa1b2","russellgoldenberg","Fri, 22 Jul 2022 18:53:36 -0400","add chunk",	 3 files changed, 26 insertions(+), 1 deletion(-)	
"7ef8378","russellgoldenberg","Thu, 21 Jul 2022 15:53:44 -0400","add package-lock",	 1 file changed, 4184 insertions(+)	
"8919a2c","russellgoldenberg","Thu, 21 Jul 2022 09:24:55 -0400","update github pages",	 10 files changed, 1562 insertions(+), 32 deletions(-)	
"259f7bc","russellgoldenberg","Thu, 21 Jul 2022 08:56:16 -0400","update github pages",	 8 files changed, 62 insertions(+), 62 deletions(-)	
"b2a059d","russellgoldenberg","Thu, 21 Jul 2022 08:55:19 -0400","remove log",	 1 file changed, 1 insertion(+), 1 deletion(-)	
"8240299","russellgoldenberg","Thu, 21 Jul 2022 08:55:07 -0400","move paths location",	 1 file changed, 5 insertions(+), 7 deletions(-)	
"fdcf36c","russellgoldenberg","Thu, 21 Jul 2022 07:15:35 -0400","update github pages",	 29 files changed, 506 insertions(+), 489 deletions(-)	
"a51ecb8","russellgoldenberg","Thu, 21 Jul 2022 07:11:20 -0400","update prettierignore",	 1 file changed, 14 insertions(+), 4 deletions(-)	
"631fba9","russellgoldenberg","Wed, 20 Jul 2022 18:15:19 -0400","port 3000",	 1 file changed, 3 insertions(+)	
"d8b1e7e","russellgoldenberg","Wed, 20 Jul 2022 18:08:26 -0400","ignore lock",	 1 file changed, 1 insertion(+)	
"6395099","russellgoldenberg","Wed, 20 Jul 2022 18:08:16 -0400","use vite 3",	 6 files changed, 51 insertions(+), 1560 deletions(-)	
"3415b24","russellgoldenberg","Fri, 8 Jul 2022 09:18:10 -0400","remove netlify make",	 1 file changed, 5 deletions(-)	
"e9ca0a5","russellgoldenberg","Fri, 1 Jul 2022 06:37:35 -0400","1ms",	 1 file changed, 8 insertions(+), 8 deletions(-)	
"1e8c2ca","russellgoldenberg","Thu, 30 Jun 2022 13:25:20 -0400","spaces to tabs",	 4 files changed, 20 insertions(+), 20 deletions(-)	
"5f947d4","russellgoldenberg","Thu, 30 Jun 2022 13:23:37 -0400","spaces to tabs",	 1 file changed, 48 insertions(+), 48 deletions(-)	
"9b151e3","russellgoldenberg","Thu, 30 Jun 2022 13:21:24 -0400","spaces to tabs",	 1 file changed, 6 insertions(+), 6 deletions(-)	
"144836f","russellgoldenberg","Thu, 30 Jun 2022 12:21:19 -0400","dupe buttonset id",	 1 file changed, 1 insertion(+), 1 deletion(-)	
"b17a1b5","russellgoldenberg","Thu, 30 Jun 2022 12:10:36 -0400","version",	 1 file changed, 1 insertion(+), 1 deletion(-)	
"b99584c","russellgoldenberg","Thu, 30 Jun 2022 12:10:15 -0400","override motion",	 1 file changed, 2 insertions(+)	
"22352da","russellgoldenberg","Thu, 30 Jun 2022 11:38:47 -0400","flip reduced motion",	 1 file changed, 5 insertions(+), 2 deletions(-)	
"b26f2cf","russellgoldenberg","Thu, 30 Jun 2022 10:16:57 -0400","tabs",	 47 files changed, 2349 insertions(+), 2286 deletions(-)	
"775eb5d","russellgoldenberg","Thu, 30 Jun 2022 10:14:31 -0400","tabs",	 1 file changed, 1 insertion(+)	
"cb4b931","russellgoldenberg","Thu, 30 Jun 2022 10:06:17 -0400","update readme",	 1 file changed, 1 insertion(+), 1 deletion(-)	
"3eb3ce4","russellgoldenberg","Thu, 30 Jun 2022 10:05:51 -0400","update readme",	 1 file changed, 2 insertions(+)	
"cf03d0d","russellgoldenberg","Thu, 30 Jun 2022 09:28:03 -0400","motion",	 5 files changed, 110 insertions(+), 3 deletions(-)	
"272e86b","russellgoldenberg","Tue, 21 Jun 2022 14:44:41 -0400","remove netlify",	 38 files changed, 1111 deletions(-)	
"124a91c","russellgoldenberg","Tue, 21 Jun 2022 12:25:41 -0400","netlify deploy",	 40 files changed, 1117 insertions(+), 4 deletions(-)	
"3a02868","russellgoldenberg","Tue, 21 Jun 2022 12:15:03 -0400","update github pages",	 1 file changed, 3 insertions(+)	
"965aae7","russellgoldenberg","Fri, 17 Jun 2022 14:35:47 -0400","update github pages",	 22 files changed, 159 insertions(+), 158 deletions(-)	
"9cd591c","russellgoldenberg","Fri, 17 Jun 2022 14:35:41 -0400","update version",	 2 files changed, 52 insertions(+), 52 deletions(-)	
"4f2ac68","russellgoldenberg","Wed, 15 Jun 2022 15:38:38 -0400","focus defaults",	 1 file changed, 13 insertions(+), 6 deletions(-)	
"b09d5d1","russellgoldenberg","Wed, 15 Jun 2022 14:06:13 -0400","fix highlight",	 2 files changed, 2 insertions(+), 2 deletions(-)	
"12af7aa","russellgoldenberg","Wed, 15 Jun 2022 13:25:25 -0400","version",	 1 file changed, 1 insertion(+), 1 deletion(-)	
"64c382a","russellgoldenberg","Wed, 15 Jun 2022 13:25:16 -0400","small css adjust",	 2 files changed, 19 insertions(+), 16 deletions(-)	
"37d4eae","russellgoldenberg","Tue, 14 Jun 2022 07:29:39 -0400","tips",	 1 file changed, 4 insertions(+)	
"4319722","russellgoldenberg","Tue, 14 Jun 2022 06:47:44 -0400","docs",	 1 file changed, 4 insertions(+)	
"7a4d4e4","russellgoldenberg","Sun, 12 Jun 2022 20:26:10 -0400","version",	 1 file changed, 1 insertion(+), 1 deletion(-)	
"b25fd6b","russellgoldenberg","Sun, 12 Jun 2022 20:25:59 -0400","default index endpoint",	 1 file changed, 5 insertions(+)	
"862274e","russellgoldenberg","Sun, 12 Jun 2022 20:22:58 -0400","move demo to folder",	 4 files changed, 2 insertions(+), 2 deletions(-)	
"46cdcf9","russellgoldenberg","Fri, 10 Jun 2022 14:59:08 -0400","typo",	 1 file changed, 1 insertion(+), 1 deletion(-)	
"fb3903c","russellgoldenberg","Fri, 10 Jun 2022 08:13:35 -0400","update github pages",	 14 files changed, 111 insertions(+), 111 deletions(-)	
"f7fc669","russellgoldenberg","Wed, 8 Jun 2022 12:53:20 -0400","no text",	 1 file changed, 1 insertion(+)	
"98068cd","russellgoldenberg","Wed, 8 Jun 2022 12:52:15 -0400","fix role",	 1 file changed, 7 insertions(+), 7 deletions(-)	
"854601f","russellgoldenberg","Wed, 8 Jun 2022 12:49:55 -0400","update link buttons",	 2 files changed, 27 insertions(+), 17 deletions(-)	
"671308d","russellgoldenberg","Tue, 7 Jun 2022 15:21:17 -0400","version",	 1 file changed, 1 insertion(+), 1 deletion(-)	
"2a7efd1","russellgoldenberg","Tue, 7 Jun 2022 15:21:10 -0400","outline",	 2 files changed, 19 insertions(+)	
"3f25c7d","russellgoldenberg","Tue, 7 Jun 2022 09:29:11 -0400","update github pages",	 12 files changed, 110 insertions(+), 110 deletions(-)	
"d0628a3","russellgoldenberg","Tue, 7 Jun 2022 09:28:49 -0400","update version",	 1 file changed, 1 insertion(+), 1 deletion(-)	
"be420af","russellgoldenberg","Tue, 7 Jun 2022 09:28:40 -0400","add dark theme preference",	 4 files changed, 29 insertions(+), 10 deletions(-)	
"9d7df9d","russellgoldenberg","Mon, 6 Jun 2022 09:07:45 -0400","rename copy doc",	 3 files changed, 4 insertions(+), 4 deletions(-)	
"01d4d69","russellgoldenberg","Sun, 5 Jun 2022 06:07:26 -0400","improve prev",	 1 file changed, 6 insertions(+), 7 deletions(-)	
"c0ec619","russellgoldenberg","Sat, 4 Jun 2022 15:05:00 -0400","previous store",	 3 files changed, 14 insertions(+), 1 deletion(-)	
"44230a1","russellgoldenberg","Tue, 31 May 2022 14:10:43 -0400","fg color",	 1 file changed, 1 insertion(+)	
"5171477","russellgoldenberg","Tue, 31 May 2022 14:03:33 -0400","update version",	 1 file changed, 1 insertion(+), 1 deletion(-)	
"58cd59c","russellgoldenberg","Tue, 31 May 2022 14:01:55 -0400","var fallbacks",	 2 files changed, 34 insertions(+), 34 deletions(-)	
"d228739","russellgoldenberg","Tue, 31 May 2022 09:42:10 -0400","add more font sizes",	 3 files changed, 22 insertions(+), 2 deletions(-)	
"a950c0c","russellgoldenberg","Tue, 31 May 2022 09:10:10 -0400","update github pages",	 12 files changed, 52 insertions(+), 50 deletions(-)	
"24f3390","russellgoldenberg","Tue, 31 May 2022 09:08:25 -0400","typable demo",	 2 files changed, 8 insertions(+), 2 deletions(-)	
"84263f9","russellgoldenberg","Tue, 31 May 2022 06:39:22 -0400","update modules",	 2 files changed, 107 insertions(+), 107 deletions(-)	
"4283a90","russellgoldenberg","Sun, 29 May 2022 12:28:33 -0400","font stack",	 1 file changed, 3 insertions(+), 3 deletions(-)	
"fe2fa70","russellgoldenberg","Fri, 27 May 2022 16:53:09 -0400","update github pages",	 36 files changed, 34 insertions(+), 34 deletions(-)	
"cf5e28d","russellgoldenberg","Fri, 27 May 2022 16:52:35 -0400","remove local fonts",	 29 files changed, 2 insertions(+), 2 deletions(-)	
"4854387","russellgoldenberg","Fri, 27 May 2022 16:09:11 -0400","update readme",	 1 file changed, 1 insertion(+), 3 deletions(-)	
"0f05a44","russellgoldenberg","Fri, 27 May 2022 15:57:10 -0400","update github pages",	 10 files changed, 33 insertions(+), 41 deletions(-)	
"8acb1e2","russellgoldenberg","Fri, 27 May 2022 15:57:06 -0400","new url",	 1 file changed, 3 insertions(+), 2 deletions(-)	
"aefeced","russellgoldenberg","Fri, 27 May 2022 15:53:42 -0400","update github pages",	 12 files changed, 43 insertions(+), 42 deletions(-)	
"81f21d1","russellgoldenberg","Fri, 27 May 2022 15:53:20 -0400","static",	 19 files changed, 3 insertions(+), 382 deletions(-)	
"cd7ff42","russellgoldenberg","Fri, 27 May 2022 15:41:38 -0400","update github pages",	 75 files changed, 968 insertions(+), 198 deletions(-)	
"fd0772c","russellgoldenberg","Fri, 27 May 2022 14:42:04 -0400","more font weights",	 13 files changed, 232 insertions(+), 19 deletions(-)	
"202ece7","russellgoldenberg","Fri, 27 May 2022 12:48:00 -0400","fix scrolly demo",	 1 file changed, 8 insertions(+), 2 deletions(-)	
"1c01f77","russellgoldenberg","Fri, 27 May 2022 11:06:26 -0400","spacing",	 1 file changed, 1 insertion(+), 1 deletion(-)	
"e9e22a9","russellgoldenberg","Fri, 27 May 2022 10:55:43 -0400","update github pages",	 41 files changed, 270 insertions(+), 66 deletions(-)	
"15ad3ed","russellgoldenberg","Fri, 27 May 2022 10:55:15 -0400","fonts",	 28 files changed, 410 insertions(+), 40 deletions(-)	
"47f5cfc","russellgoldenberg","Thu, 26 May 2022 13:20:16 -0400","update github pages",	 15 files changed, 48 insertions(+), 54 deletions(-)	
"5f2d182","russellgoldenberg","Thu, 26 May 2022 13:19:51 -0400","update styles",	 5 files changed, 70 insertions(+), 26 deletions(-)	
"28ab94f","russellgoldenberg","Wed, 25 May 2022 06:37:01 -0400","update readme",	 1 file changed, 11 insertions(+), 11 deletions(-)	
"315ae31","russellgoldenberg","Tue, 24 May 2022 11:52:24 -0400","update github pages",	 15 files changed, 361 insertions(+), 95 deletions(-)	
"28993a6","russellgoldenberg","Tue, 24 May 2022 11:51:52 -0400","demo elements",	 7 files changed, 431 insertions(+), 16 deletions(-)	
"21357f9","russellgoldenberg","Tue, 24 May 2022 11:27:09 -0400","simplify fonts",	 4 files changed, 26 insertions(+), 82 deletions(-)	
"2bd3e88","russellgoldenberg","Mon, 23 May 2022 15:08:22 -0400","improve slider accessibility",	 2 files changed, 19 insertions(+), 12 deletions(-)	
"b3e2f36","russellgoldenberg","Mon, 23 May 2022 14:19:22 -0400","slider fixes and demo",	 7 files changed, 111 insertions(+), 19 deletions(-)	
"15add62","russellgoldenberg","Mon, 23 May 2022 11:13:45 -0400","fix version deploy",	 3 files changed, 8 insertions(+), 7 deletions(-)	
"f718eff","russellgoldenberg","Fri, 20 May 2022 06:32:19 -0400","default heading font sizes",	 6 files changed, 113 insertions(+), 8 deletions(-)	
"a629573","russellgoldenberg","Thu, 19 May 2022 15:45:18 -0400","update github pages",	 8 files changed, 34 insertions(+), 34 deletions(-)	
"ee2635d","russellgoldenberg","Thu, 19 May 2022 15:44:59 -0400","update version",	 2 files changed, 28 insertions(+), 28 deletions(-)	
"1bb98bb","russellgoldenberg","Thu, 19 May 2022 15:43:28 -0400","version",	 2 files changed, 13 insertions(+), 1 deletion(-)	
"4ba95e8","russellgoldenberg","Thu, 19 May 2022 15:01:40 -0400","rem mqs",	 1 file changed, 7 insertions(+), 4 deletions(-)	
"b587f3d","russellgoldenberg","Thu, 19 May 2022 14:59:44 -0400","v",	 1 file changed, 1 insertion(+), 1 deletion(-)	
"f9af28f","russellgoldenberg","Thu, 19 May 2022 14:59:32 -0400","remove tap highlight",	 1 file changed, 1 insertion(+)	
"53153cb","russellgoldenberg","Tue, 17 May 2022 10:39:11 -0400","ignore env files",	 1 file changed, 2 insertions(+), 1 deletion(-)	
"8d7c8bb","russellgoldenberg","Mon, 16 May 2022 12:13:14 -0400","update github pages",	 9 files changed, 33 insertions(+), 31 deletions(-)	
"f05f656","russellgoldenberg","Mon, 16 May 2022 12:13:07 -0400","update kit",	 2 files changed, 192 insertions(+), 99 deletions(-)	
"afac017","russellgoldenberg","Wed, 11 May 2022 11:14:43 -0400","update github pages",	 6 files changed, 180 insertions(+), 3 deletions(-)	
"ce393af","russellgoldenberg","Wed, 11 May 2022 11:14:10 -0400","version",	 1 file changed, 1 insertion(+), 1 deletion(-)	
"3b87e3c","russellgoldenberg","Wed, 11 May 2022 11:14:00 -0400","downgrade kit",	 3 files changed, 44 insertions(+), 131 deletions(-)	
"985449b","russellgoldenberg","Fri, 6 May 2022 05:51:30 -0400","update github pages",	 14 files changed, 25 insertions(+), 204 deletions(-)	
"b0bc904","russellgoldenberg","Fri, 6 May 2022 05:50:38 -0400","update kit",	 3 files changed, 123 insertions(+), 26 deletions(-)	
"6bcb08e","russellgoldenberg","Tue, 3 May 2022 11:19:17 -0400","update modules",	 2 files changed, 174 insertions(+), 174 deletions(-)	
"b770d80","russellgoldenberg","Sat, 30 Apr 2022 12:27:09 -0400","add license",	 1 file changed, 21 insertions(+)	
"5fcfc3f","russellgoldenberg","Thu, 14 Apr 2022 07:28:41 -0400","version",	 1 file changed, 1 insertion(+), 1 deletion(-)	
"92d4f64","russellgoldenberg","Thu, 14 Apr 2022 07:28:20 -0400","print width",	 1 file changed, 1 insertion(+), 1 deletion(-)	
"388c1a6","russellgoldenberg","Sat, 9 Apr 2022 08:48:39 -0400","update github pages",	 13 files changed, 67 insertions(+), 59 deletions(-)	
"25003cc","russellgoldenberg","Sat, 9 Apr 2022 08:48:20 -0400","more demo",	 5 files changed, 58 insertions(+)	
"50462da","russellgoldenberg","Sat, 9 Apr 2022 08:30:53 -0400","upgrade modules",	 2 files changed, 112 insertions(+), 112 deletions(-)	
"846bc02","russellgoldenberg","Thu, 7 Apr 2022 14:11:21 -0400","update github pages",	 8 files changed, 33 insertions(+), 33 deletions(-)	
"c20f6b3","russellgoldenberg","Wed, 6 Apr 2022 10:51:06 -0400","auto color wip",	 1 file changed, 2 insertions(+), 2 deletions(-)	
"d5f934e","russellgoldenberg","Wed, 6 Apr 2022 09:49:43 -0400","fix chart d3 imports",	 3 files changed, 3 insertions(+), 3 deletions(-)	
"477f778","russellgoldenberg","Wed, 6 Apr 2022 09:18:05 -0400","update github pages",	 18 files changed, 117 insertions(+), 50 deletions(-)	
"3fec089","russellgoldenberg","Wed, 6 Apr 2022 09:17:40 -0400","prehookup copy doc and metadata",	 4 files changed, 18 insertions(+), 3 deletions(-)	
"5f4446d","russellgoldenberg","Wed, 6 Apr 2022 06:56:49 -0400","add test link to demo",	 4 files changed, 176 insertions(+), 164 deletions(-)	
"4200305","russellgoldenberg","Fri, 1 Apr 2022 15:32:09 -0400","update github pages",	 16 files changed, 82 insertions(+), 70 deletions(-)	
"44dee51","russellgoldenberg","Fri, 1 Apr 2022 15:28:56 -0400","layercake demo",	 15 files changed, 581 insertions(+), 124 deletions(-)	
"db13f0f","russellgoldenberg","Fri, 1 Apr 2022 13:18:52 -0400","fix timer",	 1 file changed, 1 insertion(+), 1 deletion(-)	
"c0be2cb","russellgoldenberg","Fri, 1 Apr 2022 08:46:30 -0400","version",	 1 file changed, 1 insertion(+), 1 deletion(-)	
"6c27631","russellgoldenberg","Fri, 1 Apr 2022 08:46:20 -0400","update readme",	 29 files changed, 11 insertions(+), 1 deletion(-)	
"5619830","russellgoldenberg","Fri, 1 Apr 2022 08:41:36 -0400","more layercake",	 15 files changed, 162 insertions(+), 297 deletions(-)	
"84c5925","russellgoldenberg","Thu, 31 Mar 2022 16:41:37 -0400","layercake templates",	 29 files changed, 1744 insertions(+)	
"500170b","russellgoldenberg","Thu, 24 Mar 2022 13:49:11 -0400","fix timer",	 1 file changed, 1 insertion(+), 1 deletion(-)	
"b7eecb1","russellgoldenberg","Tue, 15 Mar 2022 09:39:34 -0400","update github pages",	 13 files changed, 59 insertions(+), 56 deletions(-)	
"5d4b6a6","russellgoldenberg","Tue, 15 Mar 2022 09:39:24 -0400","update version",	 1 file changed, 1 insertion(+), 1 deletion(-)	
"9f2c631","russellgoldenberg","Tue, 15 Mar 2022 09:39:14 -0400","add test image",	 5 files changed, 114 insertions(+), 104 deletions(-)	
"37d198e","russellgoldenberg","Sun, 6 Mar 2022 11:28:18 -0500","log version",	 2 files changed, 4 insertions(+), 1 deletion(-)	
"aad7309","russellgoldenberg","Sun, 6 Mar 2022 11:05:13 -0500","version",	 1 file changed, 2 insertions(+), 2 deletions(-)	
"28f306d","russellgoldenberg","Sun, 6 Mar 2022 10:47:47 -0500","update github pages",	 6 files changed, 24 insertions(+), 25 deletions(-)	
"398a53e","russellgoldenberg","Sun, 6 Mar 2022 10:47:33 -0500","update kit version",	 6 files changed, 162 insertions(+), 144 deletions(-)	
"b83a2b4","russellgoldenberg","Thu, 3 Mar 2022 14:22:36 -0500","update github pages",	 14 files changed, 36 insertions(+), 38 deletions(-)	
"04b9256","russellgoldenberg","Wed, 23 Feb 2022 14:00:59 -0500","label input range",	 1 file changed, 2 insertions(+), 1 deletion(-)	
"46731b5","russellgoldenberg","Thu, 17 Feb 2022 13:43:42 -0500","tweak local storage",	 1 file changed, 2 insertions(+), 2 deletions(-)	
"f1f258a","russellgoldenberg","Thu, 17 Feb 2022 13:42:50 -0500","tweak local storage",	 1 file changed, 9 insertions(+), 18 deletions(-)	
"f3d604c","russellgoldenberg","Thu, 17 Feb 2022 13:37:42 -0500","readme",	 1 file changed, 1 insertion(+)	
"959cccd","russellgoldenberg","Thu, 17 Feb 2022 13:37:19 -0500","local storage",	 1 file changed, 45 insertions(+)	
"68ff5ee","russellgoldenberg","Thu, 17 Feb 2022 09:17:37 -0500","version",	 1 file changed, 1 insertion(+), 1 deletion(-)	
"ba8f4a3","russellgoldenberg","Thu, 17 Feb 2022 09:17:30 -0500","package",	 2 files changed, 71 insertions(+), 71 deletions(-)	
"35782c7","russellgoldenberg","Thu, 17 Feb 2022 09:16:37 -0500","focus trap action",	 3 files changed, 58 insertions(+), 30 deletions(-)	
"71a689a","russellgoldenberg","Tue, 15 Feb 2022 16:04:49 -0500","revert package",	 2 files changed, 15 insertions(+), 15 deletions(-)	
"c344552","russellgoldenberg","Tue, 15 Feb 2022 07:46:11 -0500","update moduls",	 2 files changed, 34 insertions(+), 34 deletions(-)	
"61dde3a","russellgoldenberg","Thu, 10 Feb 2022 07:46:38 -0500","update modules",	 2 files changed, 139 insertions(+), 101 deletions(-)	
"5d572b1","russellgoldenberg","Mon, 7 Feb 2022 15:36:20 -0500","fix color defaults",	 1 file changed, 2 insertions(+), 2 deletions(-)	
"1aba374","russellgoldenberg","Fri, 4 Feb 2022 10:00:59 -0500","update github pages",	 12 files changed, 66 insertions(+), 62 deletions(-)	
"b962473","russellgoldenberg","Fri, 4 Feb 2022 09:23:53 -0500","update version",	 1 file changed, 1 insertion(+), 1 deletion(-)	
"6ac287e","russellgoldenberg","Fri, 4 Feb 2022 09:23:38 -0500","update modules and tweak meta",	 7 files changed, 68 insertions(+), 61 deletions(-)	
"05a136d","russellgoldenberg","Tue, 1 Feb 2022 08:11:15 -0500","safari appearance",	 1 file changed, 8 insertions(+)	
"7b6fa0c","russellgoldenberg","Mon, 24 Jan 2022 12:58:30 -0500","update readme",	 1 file changed, 6 insertions(+), 6 deletions(-)	
"df03837","russellgoldenberg","Mon, 24 Jan 2022 09:30:25 -0500","update readme",	 1 file changed, 8 insertions(+), 3 deletions(-)	
"254a325","russellgoldenberg","Mon, 24 Jan 2022 09:26:36 -0500","update github pages",	 5 files changed, 17 insertions(+), 17 deletions(-)	
"0fc0fce","russellgoldenberg","Mon, 24 Jan 2022 09:25:00 -0500","revert to asbolute font",	 1 file changed, 9 insertions(+), 9 deletions(-)	
"3992ee4","russellgoldenberg","Mon, 24 Jan 2022 09:18:45 -0500","update github pages",	 5 files changed, 17 insertions(+), 17 deletions(-)	
"2c9ce50","russellgoldenberg","Mon, 24 Jan 2022 09:18:43 -0500","test font",	 1 file changed, 9 insertions(+), 9 deletions(-)	
"b7de16a","russellgoldenberg","Mon, 24 Jan 2022 09:12:54 -0500","update github pages",	 5 files changed, 17 insertions(+), 17 deletions(-)	
"4f0405f","russellgoldenberg","Mon, 24 Jan 2022 09:12:43 -0500","test local fonts",	 2 files changed, 10 insertions(+), 10 deletions(-)	
"3877231","russellgoldenberg","Sun, 23 Jan 2022 08:58:07 -0500","update github pages",	 5 files changed, 25 insertions(+), 25 deletions(-)	
"d1a2a00","russellgoldenberg","Sun, 23 Jan 2022 08:57:43 -0500","padding",	 1 file changed, 1 insertion(+), 1 deletion(-)	
"a846338","russellgoldenberg","Sat, 22 Jan 2022 09:52:58 -0500","update github pages",	 1 file changed, 14 insertions(+), 14 deletions(-)	
"6e97890","russellgoldenberg","Sat, 22 Jan 2022 09:52:39 -0500","bump kit version",	 2 files changed, 15 insertions(+), 20 deletions(-)	
"e2b5d74","russellgoldenberg","Fri, 21 Jan 2022 12:31:45 -0500","update github pages",	 7 files changed, 41 insertions(+), 40 deletions(-)	
"384a6e4","russellgoldenberg","Fri, 21 Jan 2022 12:26:46 -0500","update github pages",	 20 files changed, 168 insertions(+), 1 deletion(-)	
"785f3f6","russellgoldenberg","Fri, 21 Jan 2022 12:26:37 -0500","rollback version",	 20 files changed, 77 insertions(+), 128 deletions(-)	
"c760a05","russellgoldenberg","Fri, 21 Jan 2022 12:13:42 -0500","update github pages",	 4 files changed, 10 insertions(+), 10 deletions(-)	
"0555f86","russellgoldenberg","Fri, 21 Jan 2022 12:12:40 -0500","update github pages",	 18 files changed, 81 insertions(+), 115 deletions(-)	
"edd49ce","russellgoldenberg","Fri, 21 Jan 2022 11:54:07 -0500","style tweaks",	 1 file changed, 9 insertions(+), 4 deletions(-)	
"9f1d51c","russellgoldenberg","Fri, 21 Jan 2022 10:30:25 -0500","style",	 1 file changed, 6 insertions(+)	
"6e0b395","russellgoldenberg","Fri, 21 Jan 2022 09:49:34 -0500","sort fn",	 1 file changed, 6 insertions(+), 3 deletions(-)	
"46ef42d","russellgoldenberg","Fri, 21 Jan 2022 09:39:25 -0500","default props for table",	 1 file changed, 2 insertions(+), 2 deletions(-)	
"b126411","russellgoldenberg","Fri, 21 Jan 2022 09:30:25 -0500","rename",	 1 file changed, 0 insertions(+), 0 deletions(-)	
"9e7d0be","russellgoldenberg","Fri, 21 Jan 2022 09:26:57 -0500","update modules",	 2 files changed, 44 insertions(+), 38 deletions(-)	
"a22ebc5","russellgoldenberg","Fri, 21 Jan 2022 09:25:24 -0500","custom class and style for table",	 1 file changed, 5 insertions(+), 3 deletions(-)	
"55ec6da","russellgoldenberg","Fri, 21 Jan 2022 09:20:23 -0500","sortable table",	 1 file changed, 96 insertions(+)	
"194509a","russellgoldenberg","Fri, 21 Jan 2022 09:19:59 -0500","work in progress warning",	 2 files changed, 19 insertions(+)	
"be7819c","russellgoldenberg","Thu, 13 Jan 2022 12:48:21 -0500","update modules and colors",	 12 files changed, 135 insertions(+), 105 deletions(-)	
"6772b09","russellgoldenberg","Tue, 11 Jan 2022 09:13:12 -0500","fix test",	 1 file changed, 10 insertions(+), 10 deletions(-)	
"39b8539","russellgoldenberg","Tue, 11 Jan 2022 08:38:12 -0500","add locate api",	 1 file changed, 47 insertions(+)	
"3246bfc","russellgoldenberg","Mon, 3 Jan 2022 09:13:54 -0500","update modules",	 2 files changed, 6 insertions(+), 6 deletions(-)	
"d69e2ee","russellgoldenberg","Sun, 2 Jan 2022 08:15:23 -0500","update modules",	 2 files changed, 11 insertions(+), 17 deletions(-)	
"25153c4","russellgoldenberg","Thu, 30 Dec 2021 06:53:22 -0500","update modules",	 2 files changed, 27 insertions(+), 27 deletions(-)	
"5ddf8bb","russellgoldenberg","Mon, 27 Dec 2021 08:15:33 -0500","3.0.1",	 1 file changed, 2 insertions(+), 2 deletions(-)	
"7e2edac","russellgoldenberg","Mon, 27 Dec 2021 08:15:01 -0500","update modules",	 2 files changed, 46 insertions(+), 24 deletions(-)	
"56a4b0e","russellgoldenberg","Tue, 14 Dec 2021 16:47:32 -0500","slice",	 1 file changed, 1 insertion(+), 1 deletion(-)	
"4a176f7","russellgoldenberg","Tue, 14 Dec 2021 16:46:46 -0500","footer update",	 1 file changed, 1 insertion(+), 12 deletions(-)	
"d406c03","russellgoldenberg","Tue, 14 Dec 2021 07:47:04 -0500","es6 style tasks",	 7 files changed, 45 insertions(+), 34 deletions(-)	
"3f5f9c0","russellgoldenberg","Tue, 14 Dec 2021 06:38:53 -0500","upgrade modules",	 2 files changed, 48 insertions(+), 48 deletions(-)	
"708b9ac","russellgoldenberg","Mon, 13 Dec 2021 08:39:19 -0500","update github pages",	 2 files changed, 16 insertions(+), 16 deletions(-)	
"a4d3771","russellgoldenberg","Thu, 9 Dec 2021 18:50:59 -0500","update gitignore",	 1 file changed, 4 insertions(+)	
"d7efe8d","russellgoldenberg","Thu, 9 Dec 2021 18:50:48 -0500","temp ignore",	 39 files changed, 4111 deletions(-)	
"8640caa","russellgoldenberg","Thu, 9 Dec 2021 18:38:39 -0500","update github pages",	 20 files changed, 111 insertions(+), 1 deletion(-)	
"19884a4","russellgoldenberg","Thu, 9 Dec 2021 11:07:59 -0500","update packages",	 2 files changed, 1313 insertions(+), 2 deletions(-)	
"64e1a77","russellgoldenberg","Thu, 9 Dec 2021 09:09:06 -0500","rm woff files",	 10 files changed, 2 insertions(+), 3 deletions(-)	
"ba2c965","russellgoldenberg","Thu, 9 Dec 2021 09:06:39 -0500","rm lock files",	 2 files changed, 4828 deletions(-)	
"112c228","russellgoldenberg","Thu, 9 Dec 2021 09:05:23 -0500","remove log",	 1 file changed, 11858 deletions(-)	
"91a1e71","russellgoldenberg","Thu, 9 Dec 2021 09:02:57 -0500","readme update for SvelteKit",	 4 files changed, 94 insertions(+), 78 deletions(-)	
"2a1bf22","russellgoldenberg","Thu, 9 Dec 2021 08:37:16 -0500","update modules",	 4 files changed, 11940 insertions(+), 85 deletions(-)	
"3826e7a","russellgoldenberg","Mon, 6 Dec 2021 08:35:38 -0500","footer fix",	 1 file changed, 4 insertions(+), 3 deletions(-)	
"71bd77b","russellgoldenberg","Fri, 12 Nov 2021 14:22:49 -0500","sans",	 1 file changed, 2 insertions(+), 2 deletions(-)	
"e6a1acd","russellgoldenberg","Mon, 8 Nov 2021 08:21:40 -0500","update var names",	 5 files changed, 24 insertions(+), 24 deletions(-)	
"d880376","russellgoldenberg","Sun, 7 Nov 2021 11:05:49 -0500","remove woff support",	 1 file changed, 9 insertions(+), 18 deletions(-)	
"7bd304b","russellgoldenberg","Tue, 2 Nov 2021 12:31:44 -0400","fix toggle start state",	 1 file changed, 1 insertion(+), 1 deletion(-)	
"6318ee7","russellgoldenberg","Fri, 29 Oct 2021 11:20:19 -0400","fix aws",	 1 file changed, 1 insertion(+), 1 deletion(-)	
"81c22d4","russellgoldenberg","Tue, 26 Oct 2021 19:02:32 -0400","update node",	 1 file changed, 1 insertion(+), 1 deletion(-)	
"2b434fc","russellgoldenberg","Tue, 26 Oct 2021 12:42:29 -0400","update modules",	 2 files changed, 5 insertions(+), 5 deletions(-)	
"b862684","russellgoldenberg","Mon, 25 Oct 2021 11:12:24 -0400","update modules",	 3 files changed, 808 insertions(+), 375 deletions(-)	
"b07e81f","russellgoldenberg","Fri, 15 Oct 2021 09:11:50 -0400","update deps",	 3 files changed, 214 insertions(+), 27 deletions(-)	
"5b05828","russellgoldenberg","Thu, 30 Sep 2021 12:47:37 -0400","icon defaul",	 1 file changed, 2 insertions(+), 2 deletions(-)	
"f16c556","russellgoldenberg","Mon, 27 Sep 2021 17:59:45 -0400","no",	 1 file changed, 57 deletions(-)	
"d6a5cf0","russellgoldenberg","Fri, 24 Sep 2021 18:27:20 -0400","subdir",	 4 files changed, 30 insertions(+), 17 deletions(-)	
"c83a6fd","russellgoldenberg","Fri, 24 Sep 2021 07:42:58 -0400","update packages",	 2 files changed, 76 insertions(+), 74 deletions(-)	
"693902c","russellgoldenberg","Sat, 18 Sep 2021 07:53:32 -0400","update kit",	 4 files changed, 24 insertions(+), 46 deletions(-)	
"c8865fd","russellgoldenberg","Wed, 8 Sep 2021 10:25:16 -0400","revert fetch version",	 1 file changed, 1 insertion(+), 1 deletion(-)	
"5b5d695","russellgoldenberg","Mon, 6 Sep 2021 20:03:08 -0400","color update",	 11 files changed, 77 insertions(+), 77 deletions(-)	
"f1647aa","russellgoldenberg","Mon, 6 Sep 2021 19:54:41 -0400","pnpm",	 2 files changed, 1207 insertions(+), 5 deletions(-)	
"0325803","russellgoldenberg","Wed, 1 Sep 2021 11:00:24 -0400","update packages",	 2 files changed, 116 insertions(+), 116 deletions(-)	
"46f19eb","russellgoldenberg","Tue, 31 Aug 2021 13:28:08 -0400","undefined",	 1 file changed, 1 insertion(+)	
"dc7eedb","russellgoldenberg","Tue, 31 Aug 2021 13:15:06 -0400","remove todo",	 1 file changed, 3 deletions(-)	
"0e4be0e","russellgoldenberg","Tue, 31 Aug 2021 13:14:51 -0400","undefined to start",	 1 file changed, 3 insertions(+), 2 deletions(-)	
"d1fd65a","russellgoldenberg","Tue, 31 Aug 2021 12:26:35 -0400","scrolly",	 5 files changed, 125 insertions(+), 8 deletions(-)	
"e26e900","russellgoldenberg","Fri, 20 Aug 2021 14:19:19 -0400","update docs",	 3 files changed, 17 insertions(+), 12 deletions(-)	
"c6bcab4","russellgoldenberg","Fri, 20 Aug 2021 12:43:36 -0400","fix footer",	 1 file changed, 2 insertions(+), 2 deletions(-)	
"a3452a1","russellgoldenberg","Fri, 20 Aug 2021 12:34:47 -0400","rob footer",	 1 file changed, 11 insertions(+), 1 deletion(-)	
"5aabb1f","russellgoldenberg","Thu, 19 Aug 2021 07:45:20 -0400","update modules",	 3 files changed, 1853 insertions(+), 65 deletions(-)	
"2d1e8d4","russellgoldenberg","Thu, 19 Aug 2021 07:36:36 -0400","fix load pixels",	 2 files changed, 18 insertions(+), 17 deletions(-)	
"3f40fd5","russellgoldenberg","Wed, 18 Aug 2021 12:33:35 -0400","overlap labels",	 1 file changed, 22 insertions(+)	
"7a072ef","russellgoldenberg","Wed, 18 Aug 2021 12:27:44 -0400","csv download",	 1 file changed, 4 insertions(+)	
"fe86225","russellgoldenberg","Wed, 18 Aug 2021 12:22:24 -0400","reject",	 1 file changed, 1 insertion(+), 1 deletion(-)	
"0dd72b8","russellgoldenberg","Wed, 18 Aug 2021 12:22:06 -0400","helper funcs",	 3 files changed, 97 insertions(+)	
"feb3b5c","russellgoldenberg","Thu, 12 Aug 2021 10:04:02 -0400","tweak reset",	 2 files changed, 4 insertions(+), 1 deletion(-)	
"96a0386","russellgoldenberg","Thu, 29 Jul 2021 16:20:50 -0400","duh",	 2 files changed, 1 insertion(+)	
"add08b1","russellgoldenberg","Thu, 29 Jul 2021 16:17:12 -0400","this apparently bypasses underscore dirs",	 1 file changed, 0 insertions(+), 0 deletions(-)	
"176779d","russellgoldenberg","Fri, 23 Jul 2021 09:58:31 -0400","remove whitespace",	 3 files changed, 22 insertions(+), 22 deletions(-)	
"a517f44","russellgoldenberg","Tue, 13 Jul 2021 15:47:29 -0400","latest",	 3 files changed, 306 insertions(+), 1853 deletions(-)	
"456de70","russellgoldenberg","Fri, 4 Jun 2021 09:39:07 -0400","nm",	 1 file changed, 1 insertion(+), 1 deletion(-)	
"949d975","russellgoldenberg","Fri, 4 Jun 2021 07:16:38 -0400","move header",	 1 file changed, 1 insertion(+), 2 deletions(-)	
"1fb2dfe","russellgoldenberg","Wed, 2 Jun 2021 06:22:07 -0400","update node engine",	 1 file changed, 2 insertions(+), 2 deletions(-)	
"b50ba1d","russellgoldenberg","Wed, 2 Jun 2021 06:17:58 -0400","pdate ignore",	 1 file changed, 1 insertion(+)	
"952eccf","russellgoldenberg","Wed, 2 Jun 2021 06:04:02 -0400","update ignore",	 39 files changed, 4109 insertions(+), 3 deletions(-)	
"b37f687","russellgoldenberg","Wed, 2 Jun 2021 06:03:20 -0400","update ignore",	 1 file changed, 2 insertions(+), 1 deletion(-)	
"411e799","russellgoldenberg","Wed, 2 Jun 2021 06:03:13 -0400","rm",	 39 files changed, 1 insertion(+), 4210 deletions(-)	
"e8d7d80","russellgoldenberg","Wed, 2 Jun 2021 06:02:22 -0400","update deps",	 6 files changed, 713 insertions(+), 280 deletions(-)	
"0d5a795","russellgoldenberg","Fri, 21 May 2021 11:54:33 -0400","meta",	 1 file changed, 20 insertions(+), 14 deletions(-)	
"ec272db","russellgoldenberg","Fri, 21 May 2021 11:48:57 -0400","t",	 1 file changed, 2 insertions(+), 2 deletions(-)	
"ea60806","russellgoldenberg","Fri, 21 May 2021 11:48:32 -0400","style skip",	 1 file changed, 2 insertions(+)	
"3941706","russellgoldenberg","Fri, 21 May 2021 11:46:19 -0400","buttonset",	 1 file changed, 1 insertion(+), 1 deletion(-)	
"02bab84","russellgoldenberg","Fri, 21 May 2021 11:43:38 -0400","aria label",	 1 file changed, 1 insertion(+), 1 deletion(-)	
"730bd83","russellgoldenberg","Tue, 11 May 2021 15:43:32 -0400","fix str",	 1 file changed, 1 insertion(+), 1 deletion(-)	
"08c3ae9","russellgoldenberg","Tue, 11 May 2021 13:16:55 -0400","color",	 1 file changed, 1 insertion(+), 1 deletion(-)	
"5b389f6","russellgoldenberg","Mon, 10 May 2021 11:00:53 -0400","prerender",	 1 file changed, 4 insertions(+)	
"bc928f7","russellgoldenberg","Thu, 6 May 2021 15:57:04 -0400","update google default",	 2 files changed, 4 insertions(+), 3 deletions(-)	
"3b39028","russellgoldenberg","Thu, 6 May 2021 15:52:51 -0400","remove log",	 1 file changed, 1 deletion(-)	
"e13e8e1","russellgoldenberg","Thu, 6 May 2021 11:33:36 -0400","kit 100",	 49 files changed, 4293 insertions(+), 229 deletions(-)	
"75d472c","russellgoldenberg","Fri, 16 Apr 2021 15:07:00 -0400","more",	 35 files changed, 58 insertions(+), 377 deletions(-)	
"f89a68f","russellgoldenberg","Mon, 5 Apr 2021 14:51:48 -0400","tweak",	 2 files changed, 28 insertions(+), 17 deletions(-)	
"d93840d","russellgoldenberg","Fri, 2 Apr 2021 13:28:51 -0400","gui",	 19 files changed, 675 insertions(+), 82 deletions(-)	
"c148f5b","russellgoldenberg","Tue, 30 Mar 2021 10:12:27 -0400","remove old readme",	 1 file changed, 42 deletions(-)	
"6acbb96","russellgoldenberg","Mon, 29 Mar 2021 14:23:47 -0400","remove test",	 2 files changed, 9 deletions(-)	
"bf27cc5","russellgoldenberg","Mon, 29 Mar 2021 14:13:15 -0400","its alive",	 122 files changed, 3448 insertions(+), 8183 deletions(-)	
"8dcd49c","russellgoldenberg","Mon, 8 Mar 2021 08:29:18 -0500","2.3.4",	 2 files changed, 3 insertions(+), 3 deletions(-)	
"029eec5","russellgoldenberg","Mon, 8 Mar 2021 08:29:12 -0500","update packages",	 2 files changed, 2442 insertions(+), 35 deletions(-)	
"6d8c732","russellgoldenberg","Fri, 5 Mar 2021 15:15:17 -0500","media query store",	 4 files changed, 83 insertions(+), 344 deletions(-)	
"b6c134b","russellgoldenberg","Thu, 4 Mar 2021 14:29:53 -0500","2.3.3",	 2 files changed, 2 insertions(+), 2 deletions(-)	
"3325450","russellgoldenberg","Thu, 4 Mar 2021 14:29:50 -0500","fix prm",	 1 file changed, 2 insertions(+), 2 deletions(-)	
"33cc499","russellgoldenberg","Wed, 3 Mar 2021 08:42:56 -0500","2.3.2",	 2 files changed, 2 insertions(+), 2 deletions(-)	
"a5b4b1a","russellgoldenberg","Wed, 3 Mar 2021 08:42:48 -0500","fix reduced motion store",	 1 file changed, 5 insertions(+), 5 deletions(-)	
"a1c154b","russellgoldenberg","Fri, 26 Feb 2021 14:08:17 -0500","icon fix",	 1 file changed, 6 insertions(+), 1 deletion(-)	
"f5e6d52","russellgoldenberg","Fri, 19 Feb 2021 08:41:11 -0500","2.3.1",	 2 files changed, 2 insertions(+), 2 deletions(-)	
"a1adb29","russellgoldenberg","Fri, 19 Feb 2021 08:40:59 -0500","update github pages",	 9 files changed, 391 insertions(+), 74 deletions(-)	
"d88244a","russellgoldenberg","Fri, 19 Feb 2021 08:36:39 -0500","update demo",	 8 files changed, 131 insertions(+), 380 deletions(-)	
"558fa28","russellgoldenberg","Fri, 19 Feb 2021 07:25:04 -0500","update github pages",	 7 files changed, 48 insertions(+), 55 deletions(-)	
"0dc766f","russellgoldenberg","Fri, 19 Feb 2021 07:24:49 -0500","update deploy",	 5 files changed, 370 insertions(+), 70 deletions(-)	
"2a6bf11","russellgoldenberg","Fri, 19 Feb 2021 07:06:37 -0500","formatting",	 4 files changed, 48 insertions(+), 357 deletions(-)	
"9ac4a6e","russellgoldenberg","Fri, 19 Feb 2021 07:01:57 -0500","2.3.0",	 2 files changed, 2 insertions(+), 2 deletions(-)	
"f20c0c9","russellgoldenberg","Fri, 19 Feb 2021 07:01:52 -0500","update packages and replace request",	 3 files changed, 254 insertions(+), 3540 deletions(-)	
"51e461d","russellgoldenberg","Tue, 16 Feb 2021 16:04:34 -0500","update timer",	 2 files changed, 8 insertions(+), 5 deletions(-)	
"9877bd5","russellgoldenberg","Tue, 16 Feb 2021 15:49:56 -0500","2.2.16",	 2 files changed, 3 insertions(+), 3 deletions(-)	
"6d0bb01","russellgoldenberg","Tue, 16 Feb 2021 15:49:47 -0500","timer",	 5 files changed, 380 insertions(+), 61 deletions(-)	
"03dabe9","russellgoldenberg","Mon, 15 Feb 2021 09:03:14 -0500","2.2.15",	 2 files changed, 3 insertions(+), 3 deletions(-)	
"222c1ce","russellgoldenberg","Mon, 15 Feb 2021 09:03:05 -0500","transformSvg transition",	 4 files changed, 2913 insertions(+), 7 deletions(-)	
"5a16775","russellgoldenberg","Sun, 14 Feb 2021 07:22:17 -0500","2.2.14",	 2 files changed, 2 insertions(+), 2 deletions(-)	
"2a9256b","russellgoldenberg","Sun, 14 Feb 2021 07:22:11 -0500","elapsed",	 4 files changed, 65 insertions(+), 344 deletions(-)	
"4674fdb","russellgoldenberg","Fri, 12 Feb 2021 15:12:48 -0500","2.2.13",	 2 files changed, 2 insertions(+), 2 deletions(-)	
"1ed22b5","russellgoldenberg","Fri, 12 Feb 2021 15:12:41 -0500","fix ssr",	 2 files changed, 8 insertions(+), 4 deletions(-)	
"7dc5674","russellgoldenberg","Thu, 11 Feb 2021 08:58:22 -0500","update readme",	 1 file changed, 4 insertions(+), 10 deletions(-)	
"72843cb","russellgoldenberg","Thu, 11 Feb 2021 08:56:37 -0500","update readme",	 1 file changed, 2 insertions(+), 1 deletion(-)	
"e765a04","russellgoldenberg","Thu, 11 Feb 2021 08:43:19 -0500","2.2.12",	 2 files changed, 2 insertions(+), 2 deletions(-)	
"e0312d9","russellgoldenberg","Thu, 11 Feb 2021 08:43:10 -0500","readable stores for presets",	 10 files changed, 411 insertions(+), 65 deletions(-)	
"2d4bb4f","russellgoldenberg","Wed, 3 Feb 2021 13:17:08 -0500","2.2.11",	 2 files changed, 2 insertions(+), 2 deletions(-)	
"8196d37","russellgoldenberg","Wed, 3 Feb 2021 13:17:01 -0500","change window name",	 2 files changed, 5 insertions(+), 5 deletions(-)	
"7327287","Amelia Wattenberger","Wed, 3 Feb 2021 12:04:57 -0500","fix typo in Window import",	 1 file changed, 1 insertion(+), 1 deletion(-)	
"f636278","russellgoldenberg","Mon, 1 Feb 2021 13:05:20 -0500","path",	 1 file changed, 1 insertion(+), 1 deletion(-)	
"a1acec1","russellgoldenberg","Mon, 1 Feb 2021 11:56:37 -0500","remove throttle",	 2 files changed, 2 deletions(-)	
"03e1b18","russellgoldenberg","Sat, 30 Jan 2021 09:17:01 -0500","2.2.10",	 2 files changed, 2 insertions(+), 2 deletions(-)	
"d031f48","russellgoldenberg","Sat, 30 Jan 2021 09:16:51 -0500","window component",	 6 files changed, 62 insertions(+), 2 deletions(-)	
"982e489","russellgoldenberg","Wed, 27 Jan 2021 06:10:39 -0500","lower",	 1 file changed, 1 insertion(+), 1 deletion(-)	
"4095122","russellgoldenberg","Mon, 25 Jan 2021 08:39:16 -0500","2.2.9",	 2 files changed, 2 insertions(+), 2 deletions(-)	
"91cb9d0","russellgoldenberg","Mon, 25 Jan 2021 08:39:14 -0500","tweak meta",	 2 files changed, 5 insertions(+), 4 deletions(-)	
"49d520e","russellgoldenberg","Sat, 23 Jan 2021 10:01:54 -0500","2.2.8",	 2 files changed, 2 insertions(+), 2 deletions(-)	
"338b70a","russellgoldenberg","Sat, 23 Jan 2021 08:33:44 -0500","use css",	 1 file changed, 29 insertions(+)	
"660e6c9","russellgoldenberg","Tue, 19 Jan 2021 12:58:16 -0500","update readme",	 1 file changed, 1 insertion(+), 2 deletions(-)	
"81e494d","russellgoldenberg","Tue, 19 Jan 2021 12:57:30 -0500","2.2.7",	 2 files changed, 2 insertions(+), 2 deletions(-)	
"ac5503c","russellgoldenberg","Tue, 19 Jan 2021 12:57:18 -0500","prefers reduced motion media query",	 5 files changed, 63 insertions(+), 341 deletions(-)	
"3ed8df9","russellgoldenberg","Fri, 15 Jan 2021 09:58:54 -0500","2.2.6",	 2 files changed, 2 insertions(+), 2 deletions(-)	
"7976ad5","russellgoldenberg","Fri, 15 Jan 2021 09:58:47 -0500","fix default water vars",	 1 file changed, 3 insertions(+), 3 deletions(-)	
"810e0cf","russellgoldenberg","Fri, 15 Jan 2021 08:23:09 -0500","swap",	 1 file changed, 2 insertions(+), 2 deletions(-)	
"7654f0b","russellgoldenberg","Thu, 14 Jan 2021 17:27:39 -0500","a",	 1 file changed, 1 insertion(+), 1 deletion(-)	
"1468012","russellgoldenberg","Thu, 14 Jan 2021 16:15:41 -0500","2.2.5",	 2 files changed, 2 insertions(+), 2 deletions(-)	
"2e0663e","russellgoldenberg","Thu, 14 Jan 2021 16:15:36 -0500","update google docs and sheets",	 5 files changed, 56 insertions(+), 53 deletions(-)	
"676bafd","russellgoldenberg","Tue, 12 Jan 2021 11:47:21 -0500","2.2.4",	 2 files changed, 2 insertions(+), 2 deletions(-)	
"221a66e","russellgoldenberg","Tue, 12 Jan 2021 11:47:18 -0500","remove google id",	 1 file changed, 1 insertion(+), 1 deletion(-)	
"4a79060","russellgoldenberg","Mon, 11 Jan 2021 16:06:32 -0500","some documentation",	 2 files changed, 32 insertions(+), 2 deletions(-)	
"1aa5c1c","russellgoldenberg","Mon, 11 Jan 2021 13:38:24 -0500","2.2.3",	 2 files changed, 2 insertions(+), 2 deletions(-)	
"1acb4eb","russellgoldenberg","Mon, 11 Jan 2021 13:38:21 -0500","fix footer url",	 1 file changed, 1 insertion(+), 1 deletion(-)	
"577490c","russellgoldenberg","Mon, 11 Jan 2021 09:48:08 -0500","more params for io",	 1 file changed, 24 insertions(+), 5 deletions(-)	
"6a1c4bd","russellgoldenberg","Sun, 10 Jan 2021 15:00:47 -0500","use custom event",	 1 file changed, 12 insertions(+), 8 deletions(-)	
"ffbe1ba","russellgoldenberg","Sat, 9 Jan 2021 11:37:01 -0500","2.2.2",	 2 files changed, 2 insertions(+), 2 deletions(-)	
"d4e2243","russellgoldenberg","Sat, 9 Jan 2021 11:36:45 -0500","inview action",	 1 file changed, 21 insertions(+)	
"94e7901","russellgoldenberg","Tue, 29 Dec 2020 09:23:19 -0500","thumb scroll change",	 1 file changed, 2 insertions(+), 2 deletions(-)	
"cb7cfeb","russellgoldenberg","Tue, 29 Dec 2020 09:14:59 -0500","2.2.1",	 2 files changed, 2 insertions(+), 2 deletions(-)	
"0242fe4","russellgoldenberg","Tue, 29 Dec 2020 09:14:53 -0500","vars",	 2 files changed, 12 insertions(+), 12 deletions(-)	
"7d1f8f2","russellgoldenberg","Mon, 28 Dec 2020 08:59:58 -0500","update slider",	 2 files changed, 15 insertions(+), 4 deletions(-)	
"525e3c0","russellgoldenberg","Fri, 18 Dec 2020 09:30:26 -0500","update github pages",	 13 files changed, 1462 insertions(+), 65 deletions(-)	
"2a158f6","russellgoldenberg","Fri, 18 Dec 2020 06:39:16 -0500","2.2.0",	 2 files changed, 2 insertions(+), 2 deletions(-)	
"484e684","russellgoldenberg","Fri, 18 Dec 2020 06:39:08 -0500","update modules",	 2 files changed, 144 insertions(+), 152 deletions(-)	
"88891ba","russellgoldenberg","Thu, 17 Dec 2020 13:45:55 -0500","add wrap",	 1 file changed, 1 insertion(+)	
"6d932b3","russellgoldenberg","Tue, 15 Dec 2020 15:02:28 -0500","innerheight",	 1 file changed, 4 insertions(+), 4 deletions(-)	
"6958a8a","russellgoldenberg","Tue, 15 Dec 2020 15:01:57 -0500","yay",	 1 file changed, 2 insertions(+), 2 deletions(-)	
"f65b9e4","russellgoldenberg","Tue, 15 Dec 2020 09:57:50 -0500","zero",	 1 file changed, 1 insertion(+), 1 deletion(-)	
"4d96775","russellgoldenberg","Tue, 15 Dec 2020 09:57:30 -0500","tweaks",	 1 file changed, 34 insertions(+), 12 deletions(-)	
"d3f0921","russellgoldenberg","Tue, 15 Dec 2020 09:47:40 -0500","label",	 1 file changed, 1 insertion(+)	
"6521f86","russellgoldenberg","Tue, 15 Dec 2020 09:44:24 -0500","2.1.5",	 2 files changed, 2 insertions(+), 2 deletions(-)	
"95157db","russellgoldenberg","Tue, 15 Dec 2020 09:44:20 -0500","tap options and positioning",	 1 file changed, 47 insertions(+), 36 deletions(-)	
"2fee43f","russellgoldenberg","Mon, 14 Dec 2020 16:21:38 -0500","fix font path",	 3 files changed, 22 insertions(+), 115 deletions(-)	
"4adcfa1","russellgoldenberg","Mon, 14 Dec 2020 15:52:12 -0500","2.1.4",	 2 files changed, 2 insertions(+), 2 deletions(-)	
"b0b69d8","russellgoldenberg","Mon, 14 Dec 2020 15:52:05 -0500","update things",	 4 files changed, 29 insertions(+), 19 deletions(-)	
"1c07022","russellgoldenberg","Mon, 14 Dec 2020 10:11:40 -0500","nested sliders",	 1 file changed, 17 insertions(+), 3 deletions(-)	
"72160b2","russellgoldenberg","Sun, 13 Dec 2020 16:35:45 -0500","fix tap dirs",	 1 file changed, 26 insertions(+), 31 deletions(-)	
"7299cbe","russellgoldenberg","Sun, 13 Dec 2020 07:11:15 -0500","bind count",	 1 file changed, 5 insertions(+), 1 deletion(-)	
"051cd07","russellgoldenberg","Sat, 12 Dec 2020 15:57:06 -0500","tweak ease",	 1 file changed, 2 insertions(+), 2 deletions(-)	
"26e2159","russellgoldenberg","Fri, 11 Dec 2020 18:01:09 -0500","2.1.3",	 2 files changed, 2 insertions(+), 2 deletions(-)	
"23e2519","russellgoldenberg","Fri, 11 Dec 2020 18:01:00 -0500","tweaks to slider",	 1 file changed, 18 insertions(+), 2 deletions(-)	
"6afdb8c","russellgoldenberg","Fri, 11 Dec 2020 17:58:49 -0500","better slider",	 1 file changed, 10 insertions(+), 4 deletions(-)	
"ecdb09e","russellgoldenberg","Fri, 11 Dec 2020 14:08:07 -0500","remove log",	 1 file changed, 1 deletion(-)	
"0f56ae6","russellgoldenberg","Fri, 11 Dec 2020 14:07:42 -0500","slider",	 6 files changed, 149 insertions(+), 346 deletions(-)	
"d39fcdd","russellgoldenberg","Fri, 11 Dec 2020 13:35:57 -0500","more tap features",	 1 file changed, 54 insertions(+), 3 deletions(-)	
"6894c88","russellgoldenberg","Fri, 11 Dec 2020 13:35:22 -0500","tweak tapper",	 1 file changed, 2 insertions(+)	
"60d3d1e","russellgoldenberg","Fri, 4 Dec 2020 11:24:06 -0500","tapper",	 1 file changed, 89 insertions(+)	
"daa9d57","russellgoldenberg","Tue, 1 Dec 2020 16:09:54 -0500","2.1.2",	 2 files changed, 2 insertions(+), 2 deletions(-)	
"e88426d","russellgoldenberg","Tue, 1 Dec 2020 16:09:46 -0500","map to array",	 1 file changed, 3 insertions(+)	
"c6a03d5","russellgoldenberg","Tue, 24 Nov 2020 09:14:07 -0500","2.1.1",	 2 files changed, 2 insertions(+), 2 deletions(-)	
"a0de1fa","russellgoldenberg","Tue, 24 Nov 2020 09:13:58 -0500","move css to styles folder",	 5 files changed, 10 insertions(+), 4 deletions(-)	
"72c302d","russellgoldenberg","Mon, 23 Nov 2020 16:22:44 -0500","update body",	 1 file changed, 2 insertions(+), 1 deletion(-)	
"47bc483","russellgoldenberg","Mon, 23 Nov 2020 11:07:17 -0500","update readme",	 1 file changed, 4 insertions(+), 1 deletion(-)	
"5a200da","russellgoldenberg","Mon, 23 Nov 2020 10:15:25 -0500","update github pages",	 14 files changed, 1490 insertions(+), 600 deletions(-)	
"9e5d5d5","russellgoldenberg","Mon, 23 Nov 2020 08:44:20 -0500","2.1.0",	 2 files changed, 2 insertions(+), 2 deletions(-)	
"0fd7cb5","russellgoldenberg","Mon, 23 Nov 2020 08:44:10 -0500","water",	 10 files changed, 1331 insertions(+), 269 deletions(-)	
"b534c10","russellgoldenberg","Fri, 20 Nov 2020 12:04:05 -0500","better footer",	 1 file changed, 4 insertions(+), 4 deletions(-)	
"5f9c402","russellgoldenberg","Fri, 20 Nov 2020 11:19:27 -0500","fix",	 6 files changed, 59 insertions(+), 363 deletions(-)	
"153649f","russellgoldenberg","Fri, 20 Nov 2020 11:06:24 -0500","deploy",	 4 files changed, 345 insertions(+), 44 deletions(-)	
"98484d9","russellgoldenberg","Fri, 20 Nov 2020 11:04:10 -0500","feather",	 11 files changed, 115 insertions(+), 56 deletions(-)	
"cd3772f","russellgoldenberg","Fri, 20 Nov 2020 10:09:57 -0500","remove tabler",	 4 files changed, 25 insertions(+), 10 deletions(-)	
"0f50b35","russellgoldenberg","Thu, 19 Nov 2020 10:07:09 -0500","update github pages",	 31 files changed, 298 insertions(+), 55 deletions(-)	
"d74f460","russellgoldenberg","Thu, 19 Nov 2020 10:01:37 -0500","finish footer",	 4 files changed, 88 insertions(+), 153 deletions(-)	
"03932b1","russellgoldenberg","Tue, 17 Nov 2020 16:40:01 -0500","more style",	 3 files changed, 210 insertions(+), 22 deletions(-)	
"40c50ad","russellgoldenberg","Tue, 17 Nov 2020 16:01:49 -0500","ignore ssr folder",	 13 files changed, 2 insertions(+), 212 deletions(-)	
"c62018b","russellgoldenberg","Tue, 17 Nov 2020 16:00:44 -0500","update makefile",	 1 file changed, 9 insertions(+), 1 deletion(-)	
"0afc96a","russellgoldenberg","Tue, 17 Nov 2020 15:58:09 -0500","more style",	 2 files changed, 33 insertions(+), 9 deletions(-)	
"b8b24d3","russellgoldenberg","Tue, 17 Nov 2020 15:28:38 -0500","2.0.0",	 2 files changed, 2 insertions(+), 2 deletions(-)	
"48b88bf","russellgoldenberg","Tue, 17 Nov 2020 15:28:29 -0500","pudding fixtures",	 32 files changed, 415 insertions(+), 42 deletions(-)	
"8cdf2ea","russellgoldenberg","Tue, 17 Nov 2020 11:39:51 -0500","update github pages",	 7 files changed, 16 insertions(+), 15 deletions(-)	
"4079752","russellgoldenberg","Tue, 17 Nov 2020 11:38:43 -0500","ssr test",	 11 files changed, 29 insertions(+), 62 deletions(-)	
"3f8b659","russellgoldenberg","Tue, 17 Nov 2020 10:00:31 -0500","demo",	 11 files changed, 115 insertions(+), 82 deletions(-)	
"04be7ec","russellgoldenberg","Tue, 17 Nov 2020 09:37:10 -0500","remove me",	 1 file changed, 1 insertion(+), 1 deletion(-)	
"c8800b4","russellgoldenberg","Tue, 17 Nov 2020 09:35:26 -0500","scripts folder",	 7 files changed, 4 insertions(+), 4 deletions(-)	
"e7d606f","russellgoldenberg","Tue, 17 Nov 2020 09:32:28 -0500","conseng",	 1 file changed, 2 insertions(+)	
"13d9d58","russellgoldenberg","Tue, 17 Nov 2020 09:31:53 -0500","update readme",	 1 file changed, 15 insertions(+), 3 deletions(-)	
"ccede05","russellgoldenberg","Mon, 16 Nov 2020 08:58:26 -0500","move to dev deps",	 1 file changed, 2 insertions(+), 4 deletions(-)	
"8a8fb48","russellgoldenberg","Wed, 11 Nov 2020 09:36:36 -0500","update tabler",	 4 files changed, 59 insertions(+), 69 deletions(-)	
"9b592db","russellgoldenberg","Fri, 6 Nov 2020 09:15:33 -0500","include meta",	 1 file changed, 2 insertions(+)	
"b58f544","russellgoldenberg","Fri, 6 Nov 2020 08:41:16 -0500","1.4.0",	 2 files changed, 2 insertions(+), 2 deletions(-)	
"2f27ad5","russellgoldenberg","Fri, 6 Nov 2020 08:41:07 -0500","enforce meta.svelte",	 3 files changed, 35 insertions(+), 4 deletions(-)	
"bb716f8","russellgoldenberg","Mon, 2 Nov 2020 12:39:35 -0500","1.3.1",	 2 files changed, 2 insertions(+), 2 deletions(-)	
"1751bd0","russellgoldenberg","Mon, 2 Nov 2020 12:39:28 -0500","fix prerender",	 1 file changed, 4 insertions(+), 2 deletions(-)	
"0c97d7c","russellgoldenberg","Mon, 2 Nov 2020 08:33:30 -0500","1.3.0",	 2 files changed, 2 insertions(+), 2 deletions(-)	
"96a03a9","russellgoldenberg","Mon, 2 Nov 2020 08:33:26 -0500","fix order",	 1 file changed, 1 insertion(+), 1 deletion(-)	
"e9b3b66","russellgoldenberg","Sat, 31 Oct 2020 16:13:56 -0400","update readme",	 1 file changed, 3 insertions(+), 2 deletions(-)	
"a8b6a5b","russellgoldenberg","Sat, 31 Oct 2020 13:51:30 -0400","tweak pre-render.js",	 1 file changed, 2 insertions(+), 1 deletion(-)	
"60af927","russellgoldenberg","Sat, 31 Oct 2020 13:41:16 -0400","formatting",	 5 files changed, 82 insertions(+), 46 deletions(-)	
"476bbef","russellgoldenberg","Sat, 31 Oct 2020 12:48:10 -0400","update github pages",	 5 files changed, 22 insertions(+), 43 deletions(-)	
"f53ba41","russellgoldenberg","Sat, 31 Oct 2020 12:48:09 -0400","fix ssr",	 11 files changed, 46 insertions(+), 88 deletions(-)	
"9b8e04e","russellgoldenberg","Sat, 31 Oct 2020 12:28:27 -0400","1.2.0",	 2 files changed, 2 insertions(+), 2 deletions(-)	
"afdcdb1","russellgoldenberg","Sat, 31 Oct 2020 12:28:20 -0400","update github pages",	 6 files changed, 34 insertions(+), 10 deletions(-)	
"dc882d6","russellgoldenberg","Sat, 31 Oct 2020 12:28:12 -0400","improve ssr and deploy",	 22 files changed, 352 insertions(+), 169 deletions(-)	
"c1d08ee","russellgoldenberg","Sat, 31 Oct 2020 10:14:07 -0400","remove css",	 2 files changed, 4 deletions(-)	
"d04990f","russellgoldenberg","Sat, 31 Oct 2020 10:12:06 -0400","version",	 1 file changed, 1 insertion(+), 1 deletion(-)	
"b833460","russellgoldenberg","Sat, 31 Oct 2020 10:11:48 -0400","use node lts",	 1 file changed, 1 insertion(+), 1 deletion(-)	
"5b5c5d6","russellgoldenberg","Sat, 31 Oct 2020 10:08:13 -0400","fix google doc",	 3 files changed, 30 insertions(+), 159 deletions(-)	
"2140faa","russellgoldenberg","Fri, 30 Oct 2020 11:05:51 -0400","update package",	 5 files changed, 72 insertions(+), 43 deletions(-)	
"ec6c959","russellgoldenberg","Fri, 30 Oct 2020 11:04:50 -0400","folder for actions and stores",	 2 files changed, 0 insertions(+), 0 deletions(-)	
"78713be","russellgoldenberg","Tue, 27 Oct 2020 11:46:48 -0400","fix template",	 1 file changed, 22 insertions(+), 1 deletion(-)	
"9bc963a","russellgoldenberg","Tue, 27 Oct 2020 11:26:22 -0400","mm",	 6 files changed, 35 insertions(+), 62 deletions(-)	
"b8110eb","russellgoldenberg","Tue, 27 Oct 2020 10:47:00 -0400","update packages",	 2 files changed, 110 insertions(+), 52 deletions(-)	
"4348332","russellgoldenberg","Tue, 27 Oct 2020 06:36:12 -0400","prettier fix",	 2 files changed, 14 deletions(-)	
"ecc107c","russellgoldenberg","Mon, 26 Oct 2020 16:30:58 -0400","pck",	 1 file changed, 214 insertions(+), 50 deletions(-)	
"0a17059","russellgoldenberg","Mon, 26 Oct 2020 16:26:32 -0400","update package",	 1 file changed, 10 insertions(+), 10 deletions(-)	
"eb74b73","russellgoldenberg","Wed, 21 Oct 2020 10:11:00 -0400","order",	 1 file changed, 1 insertion(+), 1 deletion(-)	
"c102ca2","russellgoldenberg","Wed, 7 Oct 2020 14:38:53 -0400","update packages",	 2 files changed, 69 insertions(+), 68 deletions(-)	
"4cdfa19","russellgoldenberg","Thu, 24 Sep 2020 16:42:04 -0400","fix typo",	 1 file changed, 1 insertion(+), 1 deletion(-)	
"b889270","russellgoldenberg","Fri, 18 Sep 2020 12:24:40 -0400","update things",	 5 files changed, 188 insertions(+), 163 deletions(-)	
"5b2a442","russellgoldenberg","Mon, 27 Jul 2020 13:22:18 -0400","package updates",	 5 files changed, 194 insertions(+), 1483 deletions(-)	
"ab92850","russellgoldenberg","Tue, 16 Jun 2020 08:01:31 -0400","update packages",	 3 files changed, 128 insertions(+), 98 deletions(-)	
"40e10fe","russellgoldenberg","Thu, 28 May 2020 16:47:58 -0400","update readme",	 1 file changed, 9 insertions(+)	
"f9bd72f","russellgoldenberg","Thu, 28 May 2020 16:44:30 -0400","readme",	 1 file changed, 3 insertions(+), 2 deletions(-)	
"7de6a77","russellgoldenberg","Thu, 28 May 2020 16:43:21 -0400","simpler google doc",	 4 files changed, 6 insertions(+), 65 deletions(-)	
"04f54db","russellgoldenberg","Thu, 28 May 2020 16:03:45 -0400","google docs integration",	 5 files changed, 682 insertions(+), 3 deletions(-)	
"2a60686","russellgoldenberg","Thu, 28 May 2020 14:48:50 -0400","latest modules and remove scss by default",	 9 files changed, 461 insertions(+), 2159 deletions(-)	
"5ab9dca","russellgoldenberg","Fri, 1 May 2020 13:04:23 -0400","cache",	 2 files changed, 5 insertions(+), 8 deletions(-)	
"31aa28c","russellgoldenberg","Fri, 1 May 2020 12:32:24 -0400","update github pages",	 2 files changed, 2 insertions(+), 68 deletions(-)	
"c4ec7d1","russellgoldenberg","Fri, 1 May 2020 12:30:48 -0400","cache",	 3 files changed, 77 insertions(+), 5 deletions(-)	
"f23e452","russellgoldenberg","Fri, 1 May 2020 09:00:45 -0400","update readme",	 1 file changed, 1 insertion(+), 1 deletion(-)	
"6452992","russellgoldenberg","Fri, 1 May 2020 08:47:35 -0400","head",	 2 files changed, 6 insertions(+), 4 deletions(-)	
"cee5919","russellgoldenberg","Wed, 29 Apr 2020 11:15:52 -0400","update ignore file",	 6 files changed, 70 insertions(+), 3 deletions(-)	
"ed01a2a","russellgoldenberg","Wed, 29 Apr 2020 09:29:57 -0400","update readme",	 1 file changed, 1 insertion(+), 1 deletion(-)	
"ec1e20a","russellgoldenberg","Wed, 29 Apr 2020 09:29:45 -0400","update readme",	 1 file changed, 1 insertion(+), 1 deletion(-)	
"9b61747","russellgoldenberg","Tue, 28 Apr 2020 18:32:02 -0400","update github pages",	 5 files changed, 6 insertions(+), 19 deletions(-)	
"461665b","russellgoldenberg","Tue, 28 Apr 2020 18:31:37 -0400","remove stuff",	 9 files changed, 48 insertions(+), 1553 deletions(-)	
"237cf2b","russellgoldenberg","Tue, 28 Apr 2020 14:45:39 -0400","update github pages",	 6 files changed, 1486 insertions(+), 3431 deletions(-)	
"3fd3ee9","russellgoldenberg","Tue, 28 Apr 2020 14:18:58 -0400","update github pages",	 5 files changed, 5 insertions(+), 4 deletions(-)	
"94eb9de","russellgoldenberg","Tue, 28 Apr 2020 14:17:15 -0400","update github pages",	 13 files changed, 3614 insertions(+), 16 deletions(-)	
"5ab2578","russellgoldenberg","Tue, 28 Apr 2020 14:16:54 -0400","path",	 2 files changed, 1 insertion(+), 2349 deletions(-)	
"32a3317","russellgoldenberg","Tue, 28 Apr 2020 14:11:34 -0400","sapperless",	 21 files changed, 2727 insertions(+), 498 deletions(-)	
"57d91a8","russellgoldenberg","Mon, 6 Apr 2020 11:42:49 -0400","update readme",	 1 file changed, 1 insertion(+), 1 deletion(-)	
"679e6f4","russellgoldenberg","Mon, 6 Apr 2020 11:42:07 -0400","update readme",	 2 files changed, 13 insertions(+), 18 deletions(-)	
"5f100bb","russellgoldenberg","Mon, 6 Apr 2020 09:43:47 -0400","fix html",	 1 file changed, 5 insertions(+), 5 deletions(-)	
"030957a","russellgoldenberg","Sat, 4 Apr 2020 09:22:30 -0400","just svelte prod",	 4 files changed, 60 insertions(+)	
"0ded0e9","russellgoldenberg","Sat, 28 Mar 2020 11:16:14 -0400","reset css",	 3 files changed, 131 insertions(+), 3 deletions(-)	
"158e4a8","russellgoldenberg","Thu, 26 Mar 2020 08:07:37 -0400","update readme",	 1 file changed, 1 insertion(+), 1 deletion(-)	
"8e46a0d","russellgoldenberg","Thu, 26 Mar 2020 08:07:17 -0400","update readme",	 1 file changed, 8 insertions(+), 6 deletions(-)	
"595f582","russellgoldenberg","Thu, 26 Mar 2020 08:05:06 -0400","update packages",	 3 files changed, 50 insertions(+), 52 deletions(-)	
"6de0d62","russellgoldenberg","Fri, 20 Mar 2020 17:00:24 -0400","move to dev",	 1 file changed, 1 insertion(+), 1 deletion(-)	
"341a1b6","russellgoldenberg","Thu, 19 Mar 2020 08:26:43 -0400","readme",	 4 files changed, 15 insertions(+), 7 deletions(-)	
"2b278cf","russellgoldenberg","Wed, 18 Mar 2020 16:15:20 -0400","features2",	 1 file changed, 1 insertion(+)	
"682023f","russellgoldenberg","Wed, 18 Mar 2020 16:14:32 -0400","node version",	 1 file changed, 3 insertions(+)	
"59f1e02","russellgoldenberg","Wed, 18 Mar 2020 16:13:15 -0400","commit",	 1 file changed, 1 insertion(+), 1 deletion(-)	
"fd63791","russellgoldenberg","Wed, 18 Mar 2020 16:12:36 -0400","update dev version",	 7 files changed, 7 insertions(+), 7 deletions(-)	
"3d0bde1","russellgoldenberg","Wed, 18 Mar 2020 16:12:19 -0400","features",	 3 files changed, 21 insertions(+), 11 deletions(-)	
"d04a4a3","russellgoldenberg","Wed, 18 Mar 2020 16:03:51 -0400","change names",	 2 files changed, 3 insertions(+), 3 deletions(-)	
"5898fba","russellgoldenberg","Wed, 18 Mar 2020 10:36:43 -0400","update dev version",	 14 files changed, 113 insertions(+), 10 deletions(-)	
"e295257","russellgoldenberg","Wed, 18 Mar 2020 10:25:48 -0400","update dev version",	 9 files changed, 31 insertions(+)	
"8f9d94c","russellgoldenberg","Wed, 18 Mar 2020 10:25:39 -0400","hm",	 10 files changed, 777 insertions(+), 272 deletions(-)	
"18535f6","russellgoldenberg","Tue, 17 Mar 2020 15:55:34 -0400","sass",	 2 files changed, 13 insertions(+), 9 deletions(-)	
"69ff175","russellgoldenberg","Fri, 13 Mar 2020 16:25:59 -0400","notes",	 1 file changed, 11 insertions(+)	
"aa1e516","russellgoldenberg","Thu, 12 Mar 2020 10:21:39 -0400","fix package",	 1 file changed, 4 insertions(+)	
"37755b0","russellgoldenberg","Wed, 11 Mar 2020 12:19:04 -0400","order",	 3 files changed, 136 insertions(+), 512 deletions(-)	
"bd16075","russellgoldenberg","Wed, 11 Mar 2020 12:17:16 -0400","prettier",	 2 files changed, 6 insertions(+)	
"ae18de0","russellgoldenberg","Tue, 10 Mar 2020 16:01:36 -0400","remove nollup",	 1 file changed, 1 insertion(+), 2 deletions(-)	
"1cffe12","russellgoldenberg","Tue, 10 Mar 2020 16:00:04 -0400","cleanup",	 7 files changed, 1141 insertions(+), 70 deletions(-)	
"cb9c7dc","russellgoldenberg","Tue, 10 Mar 2020 15:50:39 -0400","update dev version",	 9 files changed, 9 insertions(+), 8 deletions(-)	
"68c2fd9","russellgoldenberg","Tue, 10 Mar 2020 15:50:24 -0400","fix style path",	 2 files changed, 1 insertion(+), 23 deletions(-)	
"47a940f","russellgoldenberg","Tue, 10 Mar 2020 15:19:18 -0400","update readme",	 1 file changed, 4 insertions(+)	
"d327f37","russellgoldenberg","Tue, 10 Mar 2020 15:19:00 -0400","update readme",	 1 file changed, 1 insertion(+), 1 deletion(-)	
"765a58c","russellgoldenberg","Tue, 10 Mar 2020 15:14:32 -0400","update readme",	 1 file changed, 1 insertion(+), 1 deletion(-)	
"2c3fb62","russellgoldenberg","Tue, 10 Mar 2020 15:13:58 -0400","update dev version",	 11 files changed, 17 insertions(+), 9 deletions(-)	
"9c9afeb","russellgoldenberg","Tue, 10 Mar 2020 15:10:50 -0400","fix asset copying",	 11 files changed, 43 insertions(+), 335 deletions(-)	
"8710594","russellgoldenberg","Tue, 10 Mar 2020 14:23:47 -0400","update package",	 2 files changed, 2 insertions(+), 5 deletions(-)	
"5cf957a","russellgoldenberg","Tue, 10 Mar 2020 14:23:00 -0400","update readme",	 2 files changed, 8 insertions(+), 4 deletions(-)	
"fbeade3","russellgoldenberg","Tue, 10 Mar 2020 14:21:22 -0400","update readme",	 1 file changed, 4 insertions(+), 68 deletions(-)	
"daec7cc","russellgoldenberg","Tue, 10 Mar 2020 14:14:27 -0400","update dev version",	 7 files changed, 22 insertions(+)	
"564ba73","russellgoldenberg","Tue, 10 Mar 2020 14:14:18 -0400","working",	 6 files changed, 39 insertions(+), 7 deletions(-)	
"bad969c","russellgoldenberg","Sat, 7 Mar 2020 18:20:26 -0500","update readme",	 1 file changed, 5 insertions(+), 1 deletion(-)	
"7730b2a","russellgoldenberg","Sat, 7 Mar 2020 18:18:50 -0500","setup",	 20 files changed, 4298 insertions(+)	
